Date,Brand Name,Platform,Content Type,Content Idea,Ref URL,Location Tip,Caption Hook,Hashtags,Trend Source
2026-01-08,snitch.co.in,Instagram,Reel,Trend Alert: Discussing 'How to Fashion',,,The ultimate guide to Discussing 'How to Fashion'. Save this for later! ğŸ“Œ,#Fashion #Reel #fyp,Google Trends
2026-01-08,tusharkakkar_,Instagram,Reel,Trend Alert: Discussing 'Best Fashion tips',,,Have you tried Discussing 'Best Fashion tips' yet? Let us know below! ğŸ‘‡,#Fashion #Reel #fyp,Google Trends
2026-01-08,snitch.plus,Instagram,Carousel,Repurpose Hit: Proof how the right pair of trousers can..,https://www.instagram.com/p/DTAfhG4k0WH/,,The ultimate guide to Proof how the right pair of trousers can... Save this for later! ğŸ“Œ,#Fashion #Carousel #fyp,Historical Data
2026-01-08,snitch_offline,Instagram,Carousel,"Repurpose Hit: Patna, the wait is over! ğŸ”¥
SNITCH is lan..",https://www.instagram.com/p/DTAtFkXgY1G/,,"Have you tried Patna, the wait is over! ğŸ”¥
SNITCH is lan.. yet? Let us know below! ğŸ‘‡",#Fashion #Carousel #fyp,Historical Data
2026-01-08,siddharth_dungarwal,Instagram,Reel,Trend Alert: Discussing 'Fashion 2024 trends',,,The ultimate guide to Discussing 'Fashion 2024 trends'. Save this for later! ğŸ“Œ,#Fashion #Reel #fyp,Google Trends
2026-01-08,varunbabu_,Instagram,Carousel,"Repurpose Hit: Coming to see you ğŸ˜‰

DOP @itsme__hana_ â¤..",https://www.instagram.com/p/DS7gweUEtp8/,,"Here is why Coming to see you ğŸ˜‰

DOP @itsme__hana_ â¤.. is taking over the Fashion world! ğŸš€",#Fashion #Carousel #fyp,Historical Data
2026-01-08,weareyuvaa,Instagram,Carousel,Repurpose Hit: What do you want to be more confident ab..,https://www.instagram.com/p/DS6vge5CP17/,,Have you tried What do you want to be more confident ab.. yet? Let us know below! ğŸ‘‡,#Fashion #Carousel #fyp,Historical Data
2026-01-08,stumbleuponnish,Instagram,Reel,Trend Alert: Discussing 'Fashion 2024 trends',,,The ultimate guide to Discussing 'Fashion 2024 trends'. Save this for later! ğŸ“Œ,#Fashion #Reel #fyp,Google Trends
2026-01-08,auchitya_thakur,Instagram,Carousel,"Repurpose Hit: Late Checkout ğŸ”‘
Slow mornings, soft ligh..",https://www.instagram.com/p/DS2Gc0Pk9NV/,,"Have you tried Late Checkout ğŸ”‘
Slow mornings, soft ligh.. yet? Let us know below! ğŸ‘‡",#Fashion #Carousel #fyp,Historical Data
2026-01-08,nasher_miles,Instagram,Reel,Trend Alert: Discussing 'How to Fashion',,,The ultimate guide to Discussing 'How to Fashion'. Save this for later! ğŸ“Œ,#Fashion #Reel #fyp,Google Trends
2026-01-08,bismil.live,Instagram,Reel,Trend Alert: Discussing 'Fashion 2024 trends',,,Have you tried Discussing 'Fashion 2024 trends' yet? Let us know below! ğŸ‘‡,#Fashion #Reel #fyp,Google Trends
2026-01-08,snitchxclub,Instagram,Carousel,Repurpose Hit: The Xclusive deal ends tonight.,https://www.instagram.com/p/DO28re3E8aG/,,Here is why The Xclusive deal ends tonight. is taking over the Fashion world! ğŸš€,#Fashion #Carousel #fyp,Historical Data
2026-01-09,snitch.co.in,Instagram,Post,"Repurpose Hit: The finer details, made to feel effortle..",https://www.instagram.com/p/DPoS5JmElma/,,"The ultimate guide to The finer details, made to feel effortle... Save this for later! ğŸ“Œ",#Fashion #Post #fyp,Historical Data
2026-01-09,tusharkakkar_,Instagram,Reel,Repurpose Hit: Built for every version of me @snitch.co..,https://www.instagram.com/p/DTK66U0ksmJ/,,Here is why Built for every version of me @snitch.co.. is taking over the Fashion world! ğŸš€,#Fashion #Reel #fyp,Historical Data
2026-01-09,snitch.plus,Instagram,Reel,Trend Alert: Discussing 'How to Fashion',,,The ultimate guide to Discussing 'How to Fashion'. Save this for later! ğŸ“Œ,#Fashion #Reel #fyp,Google Trends
2026-01-09,snitch_offline,Instagram,Reel,Trend Alert: Discussing 'How to Fashion',,,Here is why Discussing 'How to Fashion' is taking over the Fashion world! ğŸš€,#Fashion #Reel #fyp,Google Trends
2026-01-09,siddharth_dungarwal,Instagram,Reel,Trend Alert: Discussing 'Fashion 2024 trends',,,Have you tried Discussing 'Fashion 2024 trends' yet? Let us know below! ğŸ‘‡,#Fashion #Reel #fyp,Google Trends
2026-01-09,varunbabu_,Instagram,Reel,Trend Alert: Discussing 'Best Fashion tips',,,Have you tried Discussing 'Best Fashion tips' yet? Let us know below! ğŸ‘‡,#Fashion #Reel #fyp,Google Trends
2026-01-09,weareyuvaa,Instagram,Reel,Repurpose Hit: What do you want to be more confident ab..,https://www.instagram.com/p/DS6vge5CP17/,,Have you tried What do you want to be more confident ab.. yet? Let us know below! ğŸ‘‡,#Fashion #Reel #fyp,Historical Data
2026-01-09,stumbleuponnish,Instagram,Carousel,Repurpose Hit: Checked out mentally. Still wearing the ..,https://www.instagram.com/p/DS4Uv27jQg9/,Tag Location: Mumbai - à¤®à¥à¤‚à¤¬à¤ˆ,Have you tried Checked out mentally. Still wearing the .. yet? Let us know below! ğŸ‘‡,#Fashion #Carousel #fyp,Historical Data
2026-01-09,auchitya_thakur,Instagram,Reel,Trend Alert: Discussing 'How to Fashion',,,The ultimate guide to Discussing 'How to Fashion'. Save this for later! ğŸ“Œ,#Fashion #Reel #fyp,Google Trends
2026-01-09,nasher_miles,Instagram,Post,Repurpose Hit: â€˜Tis the season to... solve this math pu..,https://www.instagram.com/p/DSWq5OSD5fX/,,The ultimate guide to â€˜Tis the season to... solve this math pu... Save this for later! ğŸ“Œ,#Fashion #Post #fyp,Historical Data
2026-01-09,bismil.live,Instagram,Reel,Trend Alert: Discussing 'Fashion 2024 trends',,,Have you tried Discussing 'Fashion 2024 trends' yet? Let us know below! ğŸ‘‡,#Fashion #Reel #fyp,Google Trends
2026-01-09,snitchxclub,Instagram,Reel,Trend Alert: Discussing 'How to Fashion',,,Here is why Discussing 'How to Fashion' is taking over the Fashion world! ğŸš€,#Fashion #Reel #fyp,Google Trends
2026-01-10,snitch.co.in,Instagram,Reel,Trend Alert: Discussing 'Best Fashion tips',,,Have you tried Discussing 'Best Fashion tips' yet? Let us know below! ğŸ‘‡,#Fashion #Reel #fyp,Google Trends
2026-01-10,tusharkakkar_,Instagram,Reel,Trend Alert: Discussing 'Best Fashion tips',,,Here is why Discussing 'Best Fashion tips' is taking over the Fashion world! ğŸš€,#Fashion #Reel #fyp,Google Trends
2026-01-10,snitch.plus,Instagram,Carousel,Repurpose Hit: Enter into the New Year with SNITCH Plus..,https://www.instagram.com/p/DSzjsJpkxNX/,,Have you tried Enter into the New Year with SNITCH Plus.. yet? Let us know below! ğŸ‘‡,#Fashion #Carousel #fyp,Historical Data
2026-01-10,snitch_offline,Instagram,Reel,Trend Alert: Discussing 'How to Fashion',,,Have you tried Discussing 'How to Fashion' yet? Let us know below! ğŸ‘‡,#Fashion #Reel #fyp,Google Trends
2026-01-10,siddharth_dungarwal,Instagram,Reel,Trend Alert: Discussing 'Best Fashion tips',,,Have you tried Discussing 'Best Fashion tips' yet? Let us know below! ğŸ‘‡,#Fashion #Reel #fyp,Google Trends
2026-01-10,varunbabu_,Instagram,Reel,"Repurpose Hit: Coming to see you ğŸ˜‰

DOP @itsme__hana_ â¤..",https://www.instagram.com/p/DS7gweUEtp8/,,"The ultimate guide to Coming to see you ğŸ˜‰

DOP @itsme__hana_ â¤... Save this for later! ğŸ“Œ",#Fashion #Reel #fyp,Historical Data
2026-01-10,weareyuvaa,Instagram,Reel,Repurpose Hit: What do you want to be more confident ab..,https://www.instagram.com/p/DS6vge5CP17/,,Have you tried What do you want to be more confident ab.. yet? Let us know below! ğŸ‘‡,#Fashion #Reel #fyp,Historical Data
2026-01-10,stumbleuponnish,Instagram,Carousel,Repurpose Hit: Checked out mentally. Still wearing the ..,https://www.instagram.com/p/DS4Uv27jQg9/,Tag Location: Mumbai - à¤®à¥à¤‚à¤¬à¤ˆ,The ultimate guide to Checked out mentally. Still wearing the ... Save this for later! ğŸ“Œ,#Fashion #Carousel #fyp,Historical Data
2026-01-10,auchitya_thakur,Instagram,Reel,Trend Alert: Discussing 'Fashion 2024 trends',,,Have you tried Discussing 'Fashion 2024 trends' yet? Let us know below! ğŸ‘‡,#Fashion #Reel #fyp,Google Trends
2026-01-10,nasher_miles,Instagram,Post,Repurpose Hit: â€˜Tis the season to... solve this math pu..,https://www.instagram.com/p/DSWq5OSD5fX/,,Have you tried â€˜Tis the season to... solve this math pu.. yet? Let us know below! ğŸ‘‡,#Fashion #Post #fyp,Historical Data
2026-01-10,bismil.live,Instagram,Reel,Trend Alert: Discussing 'Fashion 2024 trends',,,Have you tried Discussing 'Fashion 2024 trends' yet? Let us know below! ğŸ‘‡,#Fashion #Reel #fyp,Google Trends
2026-01-10,snitchxclub,Instagram,Reel,Trend Alert: Discussing 'Best Fashion tips',,,Have you tried Discussing 'Best Fashion tips' yet? Let us know below! ğŸ‘‡,#Fashion #Reel #fyp,Google Trends
2026-01-11,snitch.co.in,Instagram,Reel,Trend Alert: Discussing 'Best Fashion tips',,,Have you tried Discussing 'Best Fashion tips' yet? Let us know below! ğŸ‘‡,#Fashion #Reel #fyp,Google Trends
2026-01-11,tusharkakkar_,Instagram,Reel,Trend Alert: Discussing 'How to Fashion',,,Here is why Discussing 'How to Fashion' is taking over the Fashion world! ğŸš€,#Fashion #Reel #fyp,Google Trends
2026-01-11,snitch.plus,Instagram,Reel,Trend Alert: Discussing 'Best Fashion tips',,,Here is why Discussing 'Best Fashion tips' is taking over the Fashion world! ğŸš€,#Fashion #Reel #fyp,Google Trends
2026-01-11,snitch_offline,Instagram,Carousel,"Repurpose Hit: 75 stores strong. âœ¨

Every milestone is ..",https://www.instagram.com/p/DOK7v63Adpf/,,"The ultimate guide to 75 stores strong. âœ¨

Every milestone is ... Save this for later! ğŸ“Œ",#Fashion #Carousel #fyp,Historical Data
2026-01-11,siddharth_dungarwal,Instagram,Reel,Trend Alert: Discussing 'How to Fashion',,,Here is why Discussing 'How to Fashion' is taking over the Fashion world! ğŸš€,#Fashion #Reel #fyp,Google Trends
2026-01-11,varunbabu_,Instagram,Reel,Trend Alert: Discussing 'How to Fashion',,,Here is why Discussing 'How to Fashion' is taking over the Fashion world! ğŸš€,#Fashion #Reel #fyp,Google Trends
2026-01-11,weareyuvaa,Instagram,Reel,Trend Alert: Discussing 'Fashion 2024 trends',,,Have you tried Discussing 'Fashion 2024 trends' yet? Let us know below! ğŸ‘‡,#Fashion #Reel #fyp,Google Trends
2026-01-11,stumbleuponnish,Instagram,Carousel,Repurpose Hit: Checked out mentally. Still wearing the ..,https://www.instagram.com/p/DS4Uv27jQg9/,Tag Location: Mumbai - à¤®à¥à¤‚à¤¬à¤ˆ,Have you tried Checked out mentally. Still wearing the .. yet? Let us know below! ğŸ‘‡,#Fashion #Carousel #fyp,Historical Data
2026-01-11,auchitya_thakur,Instagram,Reel,Trend Alert: Discussing 'How to Fashion',,,Here is why Discussing 'How to Fashion' is taking over the Fashion world! ğŸš€,#Fashion #Reel #fyp,Google Trends
2026-01-11,nasher_miles,Instagram,Reel,Trend Alert: Discussing 'Fashion 2024 trends',,,Here is why Discussing 'Fashion 2024 trends' is taking over the Fashion world! ğŸš€,#Fashion #Reel #fyp,Google Trends
2026-01-11,bismil.live,Instagram,Carousel,Repurpose Hit: Inspired by rhythm. Woven in craft. Desi..,https://www.instagram.com/p/DQtLpyLEXkZ/,,Here is why Inspired by rhythm. Woven in craft. Desi.. is taking over the Fashion world! ğŸš€,#Fashion #Carousel #fyp,Historical Data
2026-01-11,snitchxclub,Instagram,Reel,Trend Alert: Discussing 'Best Fashion tips',,,The ultimate guide to Discussing 'Best Fashion tips'. Save this for later! ğŸ“Œ,#Fashion #Reel #fyp,Google Trends
2026-01-12,snitch.co.in,Instagram,Reel,Trend Alert: Discussing 'Fashion 2024 trends',,,Here is why Discussing 'Fashion 2024 trends' is taking over the Fashion world! ğŸš€,#Fashion #Reel #fyp,Google Trends
2026-01-12,tusharkakkar_,Instagram,Reel,Trend Alert: Discussing 'Best Fashion tips',,,The ultimate guide to Discussing 'Best Fashion tips'. Save this for later! ğŸ“Œ,#Fashion #Reel #fyp,Google Trends
2026-01-12,snitch.plus,Instagram,Carousel,Repurpose Hit: Proof how the right pair of trousers can..,https://www.instagram.com/p/DTAfhG4k0WH/,,The ultimate guide to Proof how the right pair of trousers can... Save this for later! ğŸ“Œ,#Fashion #Carousel #fyp,Historical Data
2026-01-12,snitch_offline,Instagram,Reel,"Repurpose Hit: Patna, the wait is over! ğŸ”¥
SNITCH is lan..",https://www.instagram.com/p/DTAtFkXgY1G/,,"The ultimate guide to Patna, the wait is over! ğŸ”¥
SNITCH is lan... Save this for later! ğŸ“Œ",#Fashion #Reel #fyp,Historical Data
2026-01-12,siddharth_dungarwal,Instagram,Carousel,Repurpose Hit: SNITCH 101 - Kankarbagh Patna,https://www.instagram.com/p/DTCeiQ4k3oX/,,Here is why SNITCH 101 - Kankarbagh Patna is taking over the Fashion world! ğŸš€,#Fashion #Carousel #fyp,Historical Data
2026-01-12,varunbabu_,Instagram,Reel,Trend Alert: Discussing 'pc jeweller share price',,,Here is why Discussing 'pc jeweller share price' is taking over the Fashion world! ğŸš€,#Fashion #Reel #fyp,Google Trends
2026-01-12,weareyuvaa,Instagram,Reel,Repurpose Hit: What do you want to be more confident ab..,https://www.instagram.com/p/DS6vge5CP17/,,Have you tried What do you want to be more confident ab.. yet? Let us know below! ğŸ‘‡,#Fashion #Reel #fyp,Historical Data
2026-01-12,stumbleuponnish,Instagram,Carousel,Repurpose Hit: Checked out mentally. Still wearing the ..,https://www.instagram.com/p/DS4Uv27jQg9/,Tag Location: Mumbai - à¤®à¥à¤‚à¤¬à¤ˆ,Here is why Checked out mentally. Still wearing the .. is taking over the Fashion world! ğŸš€,#Fashion #Carousel #fyp,Historical Data
2026-01-12,auchitya_thakur,Instagram,Reel,"Repurpose Hit: Late Checkout ğŸ”‘
Slow mornings, soft ligh..",https://www.instagram.com/p/DS2Gc0Pk9NV/,,"Have you tried Late Checkout ğŸ”‘
Slow mornings, soft ligh.. yet? Let us know below! ğŸ‘‡",#Fashion #Reel #fyp,Historical Data
2026-01-12,nasher_miles,Instagram,Reel,Trend Alert: Discussing 'pc jeweller share price',,,Have you tried Discussing 'pc jeweller share price' yet? Let us know below! ğŸ‘‡,#Fashion #Reel #fyp,Google Trends
2026-01-12,bismil.live,Instagram,Reel,Repurpose Hit: Inspired by rhythm. Woven in craft. Desi..,https://www.instagram.com/p/DQtLpyLEXkZ/,,The ultimate guide to Inspired by rhythm. Woven in craft. Desi... Save this for later! ğŸ“Œ,#Fashion #Reel #fyp,Historical Data
2026-01-12,snitchxclub,Instagram,Reel,Trend Alert: Discussing 'kay the fashion bay',,,Have you tried Discussing 'kay the fashion bay' yet? Let us know below! ğŸ‘‡,#Fashion #Reel #fyp,Google Trends
2026-01-13,snitch.co.in,Instagram,Post,Repurpose Hit: Behind every â€œmade itâ€ is a story nobody..,https://www.instagram.com/p/DPMDMz7kh38/,,The ultimate guide to Behind every â€œmade itâ€ is a story nobody... Save this for later! ğŸ“Œ,#Fashion #Post #fyp,Historical Data
2026-01-13,tusharkakkar_,Instagram,Reel,Trend Alert: Discussing 'pc jeweller share price',,,Have you tried Discussing 'pc jeweller share price' yet? Let us know below! ğŸ‘‡,#Fashion #Reel #fyp,Google Trends
2026-01-13,snitch.plus,Instagram,Reel,Trend Alert: Discussing 'kay the fashion bay',,,Have you tried Discussing 'kay the fashion bay' yet? Let us know below! ğŸ‘‡,#Fashion #Reel #fyp,Google Trends
2026-01-13,snitch_offline,Instagram,Reel,Trend Alert: Discussing 'pc jeweller share price',,,Here is why Discussing 'pc jeweller share price' is taking over the Fashion world! ğŸš€,#Fashion #Reel #fyp,Google Trends
2026-01-13,siddharth_dungarwal,Instagram,Reel,Trend Alert: Discussing 'zivara fashion',,,Here is why Discussing 'zivara fashion' is taking over the Fashion world! ğŸš€,#Fashion #Reel #fyp,Google Trends
2026-01-13,varunbabu_,Instagram,Reel,"Repurpose Hit: Coming to see you ğŸ˜‰

DOP @itsme__hana_ â¤..",https://www.instagram.com/p/DS7gweUEtp8/,,"The ultimate guide to Coming to see you ğŸ˜‰

DOP @itsme__hana_ â¤... Save this for later! ğŸ“Œ",#Fashion #Reel #fyp,Historical Data
2026-01-13,weareyuvaa,Instagram,Reel,Trend Alert: Discussing 'pc jeweller share price',,,Have you tried Discussing 'pc jeweller share price' yet? Let us know below! ğŸ‘‡,#Fashion #Reel #fyp,Google Trends
2026-01-13,stumbleuponnish,Instagram,Reel,Trend Alert: Discussing 'zivara fashion',,,The ultimate guide to Discussing 'zivara fashion'. Save this for later! ğŸ“Œ,#Fashion #Reel #fyp,Google Trends
2026-01-13,auchitya_thakur,Instagram,Reel,"Repurpose Hit: Late Checkout ğŸ”‘
Slow mornings, soft ligh..",https://www.instagram.com/p/DS2Gc0Pk9NV/,,"The ultimate guide to Late Checkout ğŸ”‘
Slow mornings, soft ligh... Save this for later! ğŸ“Œ",#Fashion #Reel #fyp,Historical Data
2026-01-13,nasher_miles,Instagram,Reel,Trend Alert: Discussing 'kay the fashion bay',,,Here is why Discussing 'kay the fashion bay' is taking over the Fashion world! ğŸš€,#Fashion #Reel #fyp,Google Trends
2026-01-13,bismil.live,Instagram,Reel,Trend Alert: Discussing 'zivara fashion',,,The ultimate guide to Discussing 'zivara fashion'. Save this for later! ğŸ“Œ,#Fashion #Reel #fyp,Google Trends
2026-01-13,snitchxclub,Instagram,Reel,Trend Alert: Discussing 'pc jeweller share price',,,Have you tried Discussing 'pc jeweller share price' yet? Let us know below! ğŸ‘‡,#Fashion #Reel #fyp,Google Trends
2026-01-14,snitch.co.in,Instagram,Carousel,"Repurpose Hit: The finer details, made to feel effortle..",https://www.instagram.com/p/DPoS5JmElma/,,"Have you tried The finer details, made to feel effortle.. yet? Let us know below! ğŸ‘‡",#Fashion #Carousel #fyp,Historical Data
2026-01-14,tusharkakkar_,Instagram,Reel,Trend Alert: Discussing 'kay the fashion bay',,,Have you tried Discussing 'kay the fashion bay' yet? Let us know below! ğŸ‘‡,#Fashion #Reel #fyp,Google Trends
2026-01-14,snitch.plus,Instagram,Reel,Trend Alert: Discussing 'pc jeweller share price',,,The ultimate guide to Discussing 'pc jeweller share price'. Save this for later! ğŸ“Œ,#Fashion #Reel #fyp,Google Trends
2026-01-14,snitch_offline,Instagram,Reel,Trend Alert: Discussing 'kay the fashion bay',,,Have you tried Discussing 'kay the fashion bay' yet? Let us know below! ğŸ‘‡,#Fashion #Reel #fyp,Google Trends
2026-01-14,siddharth_dungarwal,Instagram,Carousel,Repurpose Hit: SNITCH 101 - Kankarbagh Patna,https://www.instagram.com/p/DTCeiQ4k3oX/,,The ultimate guide to SNITCH 101 - Kankarbagh Patna. Save this for later! ğŸ“Œ,#Fashion #Carousel #fyp,Historical Data
2026-01-14,varunbabu_,Instagram,Carousel,"Repurpose Hit: Coming to see you ğŸ˜‰

DOP @itsme__hana_ â¤..",https://www.instagram.com/p/DS7gweUEtp8/,,"The ultimate guide to Coming to see you ğŸ˜‰

DOP @itsme__hana_ â¤... Save this for later! ğŸ“Œ",#Fashion #Carousel #fyp,Historical Data
2026-01-14,weareyuvaa,Instagram,Carousel,Repurpose Hit: What do you want to be more confident ab..,https://www.instagram.com/p/DS6vge5CP17/,,Here is why What do you want to be more confident ab.. is taking over the Fashion world! ğŸš€,#Fashion #Carousel #fyp,Historical Data
2026-01-14,stumbleuponnish,Instagram,Carousel,Repurpose Hit: Checked out mentally. Still wearing the ..,https://www.instagram.com/p/DS4Uv27jQg9/,Tag Location: Mumbai - à¤®à¥à¤‚à¤¬à¤ˆ,Here is why Checked out mentally. Still wearing the .. is taking over the Fashion world! ğŸš€,#Fashion #Carousel #fyp,Historical Data
2026-01-14,auchitya_thakur,Instagram,Reel,Trend Alert: Discussing 'zivara fashion',,,Here is why Discussing 'zivara fashion' is taking over the Fashion world! ğŸš€,#Fashion #Reel #fyp,Google Trends
2026-01-14,nasher_miles,Instagram,Reel,Trend Alert: Discussing 'zivara fashion',,,Here is why Discussing 'zivara fashion' is taking over the Fashion world! ğŸš€,#Fashion #Reel #fyp,Google Trends
2026-01-14,bismil.live,Instagram,Reel,Trend Alert: Discussing 'pc jeweller share price',,,Have you tried Discussing 'pc jeweller share price' yet? Let us know below! ğŸ‘‡,#Fashion #Reel #fyp,Google Trends
2026-01-14,snitchxclub,Instagram,Reel,Trend Alert: Discussing 'kay the fashion bay',,,Have you tried Discussing 'kay the fashion bay' yet? Let us know below! ğŸ‘‡,#Fashion #Reel #fyp,Google Trends
2026-01-15,snitch.co.in,Instagram,Reel,Trend Alert: Discussing 'pc jeweller share price',,,The ultimate guide to Discussing 'pc jeweller share price'. Save this for later! ğŸ“Œ,#Fashion #Reel #fyp,Google Trends
2026-01-15,tusharkakkar_,Instagram,Reel,Repurpose Hit: Built for every version of me @snitch.co..,https://www.instagram.com/p/DTK66U0ksmJ/,,Here is why Built for every version of me @snitch.co.. is taking over the Fashion world! ğŸš€,#Fashion #Reel #fyp,Historical Data
2026-01-15,snitch.plus,Instagram,Carousel,Repurpose Hit: Enter into the New Year with SNITCH Plus..,https://www.instagram.com/p/DSzjsJpkxNX/,,Here is why Enter into the New Year with SNITCH Plus.. is taking over the Fashion world! ğŸš€,#Fashion #Carousel #fyp,Historical Data
2026-01-15,snitch_offline,Instagram,Reel,Trend Alert: Discussing 'kay the fashion bay',,,Have you tried Discussing 'kay the fashion bay' yet? Let us know below! ğŸ‘‡,#Fashion #Reel #fyp,Google Trends
2026-01-15,siddharth_dungarwal,Instagram,Carousel,Repurpose Hit: SNITCH 101 - Kankarbagh Patna,https://www.instagram.com/p/DTCeiQ4k3oX/,,The ultimate guide to SNITCH 101 - Kankarbagh Patna. Save this for later! ğŸ“Œ,#Fashion #Carousel #fyp,Historical Data
2026-01-15,varunbabu_,Instagram,Reel,Trend Alert: Discussing 'pc jeweller share price',,,Here is why Discussing 'pc jeweller share price' is taking over the Fashion world! ğŸš€,#Fashion #Reel #fyp,Google Trends
2026-01-15,weareyuvaa,Instagram,Reel,Trend Alert: Discussing 'zivara fashion',,,Have you tried Discussing 'zivara fashion' yet? Let us know below! ğŸ‘‡,#Fashion #Reel #fyp,Google Trends
2026-01-15,stumbleuponnish,Instagram,Reel,Trend Alert: Discussing 'pc jeweller share price',,,Here is why Discussing 'pc jeweller share price' is taking over the Fashion world! ğŸš€,#Fashion #Reel #fyp,Google Trends
2026-01-15,auchitya_thakur,Instagram,Reel,Trend Alert: Discussing 'kay the fashion bay',,,The ultimate guide to Discussing 'kay the fashion bay'. Save this for later! ğŸ“Œ,#Fashion #Reel #fyp,Google Trends
2026-01-15,nasher_miles,Instagram,Reel,Trend Alert: Discussing 'zivara fashion',,,The ultimate guide to Discussing 'zivara fashion'. Save this for later! ğŸ“Œ,#Fashion #Reel #fyp,Google Trends
2026-01-15,bismil.live,Instagram,Reel,Repurpose Hit: Inspired by rhythm. Woven in craft. Desi..,https://www.instagram.com/p/DQtLpyLEXkZ/,,Here is why Inspired by rhythm. Woven in craft. Desi.. is taking over the Fashion world! ğŸš€,#Fashion #Reel #fyp,Historical Data
2026-01-15,snitchxclub,Instagram,Carousel,Repurpose Hit: The Xclusive deal ends tonight.,https://www.instagram.com/p/DO28re3E8aG/,,The ultimate guide to The Xclusive deal ends tonight.. Save this for later! ğŸ“Œ,#Fashion #Carousel #fyp,Historical Data
2026-01-16,snitch.co.in,Instagram,Reel,Trend Alert: Discussing 'pc jeweller share price',,,Here is why Discussing 'pc jeweller share price' is taking over the Fashion world! ğŸš€,#Fashion #Reel #fyp,Google Trends
2026-01-16,tusharkakkar_,Instagram,Reel,Trend Alert: Discussing 'kay the fashion bay',,,Here is why Discussing 'kay the fashion bay' is taking over the Fashion world! ğŸš€,#Fashion #Reel #fyp,Google Trends
2026-01-16,snitch.plus,Instagram,Reel,Trend Alert: Discussing 'kay the fashion bay',,,Have you tried Discussing 'kay the fashion bay' yet? Let us know below! ğŸ‘‡,#Fashion #Reel #fyp,Google Trends
2026-01-16,snitch_offline,Instagram,Reel,Trend Alert: Discussing 'zivara fashion',,,Have you tried Discussing 'zivara fashion' yet? Let us know below! ğŸ‘‡,#Fashion #Reel #fyp,Google Trends
2026-01-16,siddharth_dungarwal,Instagram,Carousel,Repurpose Hit: SNITCH 101 - Kankarbagh Patna,https://www.instagram.com/p/DTCeiQ4k3oX/,,Here is why SNITCH 101 - Kankarbagh Patna is taking over the Fashion world! ğŸš€,#Fashion #Carousel #fyp,Historical Data
2026-01-16,varunbabu_,Instagram,Reel,Trend Alert: Discussing 'pc jeweller share price',,,Have you tried Discussing 'pc jeweller share price' yet? Let us know below! ğŸ‘‡,#Fashion #Reel #fyp,Google Trends
2026-01-16,weareyuvaa,Instagram,Reel,Repurpose Hit: What do you want to be more confident ab..,https://www.instagram.com/p/DS6vge5CP17/,,The ultimate guide to What do you want to be more confident ab... Save this for later! ğŸ“Œ,#Fashion #Reel #fyp,Historical Data
2026-01-16,stumbleuponnish,Instagram,Carousel,Repurpose Hit: Checked out mentally. Still wearing the ..,https://www.instagram.com/p/DS4Uv27jQg9/,Tag Location: Mumbai - à¤®à¥à¤‚à¤¬à¤ˆ,The ultimate guide to Checked out mentally. Still wearing the ... Save this for later! ğŸ“Œ,#Fashion #Carousel #fyp,Historical Data
2026-01-16,auchitya_thakur,Instagram,Reel,"Repurpose Hit: Late Checkout ğŸ”‘
Slow mornings, soft ligh..",https://www.instagram.com/p/DS2Gc0Pk9NV/,,"Have you tried Late Checkout ğŸ”‘
Slow mornings, soft ligh.. yet? Let us know below! ğŸ‘‡",#Fashion #Reel #fyp,Historical Data
2026-01-16,nasher_miles,Instagram,Reel,Trend Alert: Discussing 'zivara fashion',,,The ultimate guide to Discussing 'zivara fashion'. Save this for later! ğŸ“Œ,#Fashion #Reel #fyp,Google Trends
2026-01-16,bismil.live,Instagram,Reel,Trend Alert: Discussing 'zivara fashion',,,The ultimate guide to Discussing 'zivara fashion'. Save this for later! ğŸ“Œ,#Fashion #Reel #fyp,Google Trends
2026-01-16,snitchxclub,Instagram,Carousel,"Repurpose Hit: We have something Xclusive for you!
An X..",https://www.instagram.com/p/DOyKtZWkzDF/,,"The ultimate guide to We have something Xclusive for you!
An X... Save this for later! ğŸ“Œ",#Fashion #Carousel #fyp,Historical Data
2026-01-17,snitch.co.in,Instagram,Reel,Trend Alert: Discussing 'zivara fashion',,,Have you tried Discussing 'zivara fashion' yet? Let us know below! ğŸ‘‡,#Fashion #Reel #fyp,Google Trends
2026-01-17,tusharkakkar_,Instagram,Reel,Trend Alert: Discussing 'kay the fashion bay',,,Here is why Discussing 'kay the fashion bay' is taking over the Fashion world! ğŸš€,#Fashion #Reel #fyp,Google Trends
2026-01-17,snitch.plus,Instagram,Reel,Trend Alert: Discussing 'pc jeweller share price',,,Here is why Discussing 'pc jeweller share price' is taking over the Fashion world! ğŸš€,#Fashion #Reel #fyp,Google Trends
2026-01-17,snitch_offline,Instagram,Reel,Trend Alert: Discussing 'kay the fashion bay',,,Here is why Discussing 'kay the fashion bay' is taking over the Fashion world! ğŸš€,#Fashion #Reel #fyp,Google Trends
2026-01-17,siddharth_dungarwal,Instagram,Reel,Trend Alert: Discussing 'zivara fashion',,,The ultimate guide to Discussing 'zivara fashion'. Save this for later! ğŸ“Œ,#Fashion #Reel #fyp,Google Trends
2026-01-17,varunbabu_,Instagram,Carousel,"Repurpose Hit: Coming to see you ğŸ˜‰

DOP @itsme__hana_ â¤..",https://www.instagram.com/p/DS7gweUEtp8/,,"Have you tried Coming to see you ğŸ˜‰

DOP @itsme__hana_ â¤.. yet? Let us know below! ğŸ‘‡",#Fashion #Carousel #fyp,Historical Data
2026-01-17,weareyuvaa,Instagram,Carousel,Repurpose Hit: What do you want to be more confident ab..,https://www.instagram.com/p/DS6vge5CP17/,,The ultimate guide to What do you want to be more confident ab... Save this for later! ğŸ“Œ,#Fashion #Carousel #fyp,Historical Data
2026-01-17,stumbleuponnish,Instagram,Reel,Trend Alert: Discussing 'kay the fashion bay',,,The ultimate guide to Discussing 'kay the fashion bay'. Save this for later! ğŸ“Œ,#Fashion #Reel #fyp,Google Trends
2026-01-17,auchitya_thakur,Instagram,Reel,Trend Alert: Discussing 'pc jeweller share price',,,Have you tried Discussing 'pc jeweller share price' yet? Let us know below! ğŸ‘‡,#Fashion #Reel #fyp,Google Trends
2026-01-17,nasher_miles,Instagram,Reel,Trend Alert: Discussing 'kay the fashion bay',,,Here is why Discussing 'kay the fashion bay' is taking over the Fashion world! ğŸš€,#Fashion #Reel #fyp,Google Trends
2026-01-17,bismil.live,Instagram,Carousel,Repurpose Hit: Inspired by rhythm. Woven in craft. Desi..,https://www.instagram.com/p/DQtLpyLEXkZ/,,Here is why Inspired by rhythm. Woven in craft. Desi.. is taking over the Fashion world! ğŸš€,#Fashion #Carousel #fyp,Historical Data
2026-01-17,snitchxclub,Instagram,Reel,Trend Alert: Discussing 'kay the fashion bay',,,Have you tried Discussing 'kay the fashion bay' yet? Let us know below! ğŸ‘‡,#Fashion #Reel #fyp,Google Trends
2026-01-18,snitch.co.in,Instagram,Reel,Trend Alert: Discussing 'zivara fashion',,,Have you tried Discussing 'zivara fashion' yet? Let us know below! ğŸ‘‡,#Fashion #Reel #fyp,Google Trends
2026-01-18,tusharkakkar_,Instagram,Reel,Trend Alert: Discussing 'pc jeweller share price',,,Have you tried Discussing 'pc jeweller share price' yet? Let us know below! ğŸ‘‡,#Fashion #Reel #fyp,Google Trends
2026-01-18,snitch.plus,Instagram,Reel,Trend Alert: Discussing 'pc jeweller share price',,,The ultimate guide to Discussing 'pc jeweller share price'. Save this for later! ğŸ“Œ,#Fashion #Reel #fyp,Google Trends
2026-01-18,snitch_offline,Instagram,Reel,Trend Alert: Discussing 'pc jeweller share price',,,Here is why Discussing 'pc jeweller share price' is taking over the Fashion world! ğŸš€,#Fashion #Reel #fyp,Google Trends
2026-01-18,siddharth_dungarwal,Instagram,Reel,Trend Alert: Discussing 'zivara fashion',,,Here is why Discussing 'zivara fashion' is taking over the Fashion world! ğŸš€,#Fashion #Reel #fyp,Google Trends
2026-01-18,varunbabu_,Instagram,Reel,"Repurpose Hit: Coming to see you ğŸ˜‰

DOP @itsme__hana_ â¤..",https://www.instagram.com/p/DS7gweUEtp8/,,"Have you tried Coming to see you ğŸ˜‰

DOP @itsme__hana_ â¤.. yet? Let us know below! ğŸ‘‡",#Fashion #Reel #fyp,Historical Data
2026-01-18,weareyuvaa,Instagram,Reel,Repurpose Hit: What do you want to be more confident ab..,https://www.instagram.com/p/DS6vge5CP17/,,Have you tried What do you want to be more confident ab.. yet? Let us know below! ğŸ‘‡,#Fashion #Reel #fyp,Historical Data
2026-01-18,stumbleuponnish,Instagram,Reel,Trend Alert: Discussing 'pc jeweller share price',,,The ultimate guide to Discussing 'pc jeweller share price'. Save this for later! ğŸ“Œ,#Fashion #Reel #fyp,Google Trends
2026-01-18,auchitya_thakur,Instagram,Reel,"Repurpose Hit: Late Checkout ğŸ”‘
Slow mornings, soft ligh..",https://www.instagram.com/p/DS2Gc0Pk9NV/,,"Here is why Late Checkout ğŸ”‘
Slow mornings, soft ligh.. is taking over the Fashion world! ğŸš€",#Fashion #Reel #fyp,Historical Data
2026-01-18,nasher_miles,Instagram,Post,Repurpose Hit: â€˜Tis the season to... solve this math pu..,https://www.instagram.com/p/DSWq5OSD5fX/,,The ultimate guide to â€˜Tis the season to... solve this math pu... Save this for later! ğŸ“Œ,#Fashion #Post #fyp,Historical Data
2026-01-18,bismil.live,Instagram,Reel,Trend Alert: Discussing 'zivara fashion',,,The ultimate guide to Discussing 'zivara fashion'. Save this for later! ğŸ“Œ,#Fashion #Reel #fyp,Google Trends
2026-01-18,snitchxclub,Instagram,Carousel,"Repurpose Hit: We have something Xclusive for you!
An X..",https://www.instagram.com/p/DOyKtZWkzDF/,,"The ultimate guide to We have something Xclusive for you!
An X... Save this for later! ğŸ“Œ",#Fashion #Carousel #fyp,Historical Data
2026-01-19,snitch.co.in,Instagram,Post,Repurpose Hit: Dekho na guyssssğŸ’ğŸ»â€â™‚ï¸,https://www.instagram.com/p/DTC44OtEmz1/,,The ultimate guide to Dekho na guyssssğŸ’ğŸ»â€â™‚ï¸. Save this for later! ğŸ“Œ,#Fashion #Post #fyp,Historical Data
2026-01-19,tusharkakkar_,Instagram,Reel,Trend Alert: Discussing 'kay the fashion bay',,,Have you tried Discussing 'kay the fashion bay' yet? Let us know below! ğŸ‘‡,#Fashion #Reel #fyp,Google Trends
2026-01-19,snitch.plus,Instagram,Carousel,Repurpose Hit: Enter into the New Year with SNITCH Plus..,https://www.instagram.com/p/DSzjsJpkxNX/,,The ultimate guide to Enter into the New Year with SNITCH Plus... Save this for later! ğŸ“Œ,#Fashion #Carousel #fyp,Historical Data
2026-01-19,snitch_offline,Instagram,Reel,Trend Alert: Discussing 'pc jeweller share price',,,The ultimate guide to Discussing 'pc jeweller share price'. Save this for later! ğŸ“Œ,#Fashion #Reel #fyp,Google Trends
2026-01-19,siddharth_dungarwal,Instagram,Carousel,Repurpose Hit: SNITCH 101 - Kankarbagh Patna,https://www.instagram.com/p/DTCeiQ4k3oX/,,The ultimate guide to SNITCH 101 - Kankarbagh Patna. Save this for later! ğŸ“Œ,#Fashion #Carousel #fyp,Historical Data
2026-01-19,varunbabu_,Instagram,Reel,Trend Alert: Discussing 'pc jeweller share price',,,The ultimate guide to Discussing 'pc jeweller share price'. Save this for later! ğŸ“Œ,#Fashion #Reel #fyp,Google Trends
2026-01-19,weareyuvaa,Instagram,Reel,Repurpose Hit: What do you want to be more confident ab..,https://www.instagram.com/p/DS6vge5CP17/,,Have you tried What do you want to be more confident ab.. yet? Let us know below! ğŸ‘‡,#Fashion #Reel #fyp,Historical Data
2026-01-19,stumbleuponnish,Instagram,Reel,Trend Alert: Discussing 'pc jeweller share price',,,The ultimate guide to Discussing 'pc jeweller share price'. Save this for later! ğŸ“Œ,#Fashion #Reel #fyp,Google Trends
2026-01-19,auchitya_thakur,Instagram,Reel,Trend Alert: Discussing 'kay the fashion bay',,,The ultimate guide to Discussing 'kay the fashion bay'. Save this for later! ğŸ“Œ,#Fashion #Reel #fyp,Google Trends
2026-01-19,nasher_miles,Instagram,Reel,Trend Alert: Discussing 'zivara fashion',,,Here is why Discussing 'zivara fashion' is taking over the Fashion world! ğŸš€,#Fashion #Reel #fyp,Google Trends
2026-01-19,bismil.live,Instagram,Reel,Trend Alert: Discussing 'kay the fashion bay',,,Have you tried Discussing 'kay the fashion bay' yet? Let us know below! ğŸ‘‡,#Fashion #Reel #fyp,Google Trends
2026-01-19,snitchxclub,Instagram,Reel,Trend Alert: Discussing 'zivara fashion',,,Have you tried Discussing 'zivara fashion' yet? Let us know below! ğŸ‘‡,#Fashion #Reel #fyp,Google Trends
2026-01-20,snitch.co.in,Instagram,Reel,Trend Alert: Discussing 'zivara fashion',,,Here is why Discussing 'zivara fashion' is taking over the Fashion world! ğŸš€,#Fashion #Reel #fyp,Google Trends
2026-01-20,tusharkakkar_,Instagram,Reel,Trend Alert: Discussing 'pc jeweller share price',,,Here is why Discussing 'pc jeweller share price' is taking over the Fashion world! ğŸš€,#Fashion #Reel #fyp,Google Trends
2026-01-20,snitch.plus,Instagram,Reel,Trend Alert: Discussing 'pc jeweller share price',,,The ultimate guide to Discussing 'pc jeweller share price'. Save this for later! ğŸ“Œ,#Fashion #Reel #fyp,Google Trends
2026-01-20,snitch_offline,Instagram,Reel,Trend Alert: Discussing 'kay the fashion bay',,,The ultimate guide to Discussing 'kay the fashion bay'. Save this for later! ğŸ“Œ,#Fashion #Reel #fyp,Google Trends
2026-01-20,siddharth_dungarwal,Instagram,Carousel,Repurpose Hit: SNITCH 101 - Kankarbagh Patna,https://www.instagram.com/p/DTCeiQ4k3oX/,,Have you tried SNITCH 101 - Kankarbagh Patna yet? Let us know below! ğŸ‘‡,#Fashion #Carousel #fyp,Historical Data
2026-01-20,varunbabu_,Instagram,Reel,Trend Alert: Discussing 'kay the fashion bay',,,The ultimate guide to Discussing 'kay the fashion bay'. Save this for later! ğŸ“Œ,#Fashion #Reel #fyp,Google Trends
2026-01-20,weareyuvaa,Instagram,Carousel,Repurpose Hit: What do you want to be more confident ab..,https://www.instagram.com/p/DS6vge5CP17/,,Have you tried What do you want to be more confident ab.. yet? Let us know below! ğŸ‘‡,#Fashion #Carousel #fyp,Historical Data
2026-01-20,stumbleuponnish,Instagram,Reel,Trend Alert: Discussing 'kay the fashion bay',,,The ultimate guide to Discussing 'kay the fashion bay'. Save this for later! ğŸ“Œ,#Fashion #Reel #fyp,Google Trends
2026-01-20,auchitya_thakur,Instagram,Carousel,"Repurpose Hit: Late Checkout ğŸ”‘
Slow mornings, soft ligh..",https://www.instagram.com/p/DS2Gc0Pk9NV/,,"Have you tried Late Checkout ğŸ”‘
Slow mornings, soft ligh.. yet? Let us know below! ğŸ‘‡",#Fashion #Carousel #fyp,Historical Data
2026-01-20,nasher_miles,Instagram,Reel,Trend Alert: Discussing 'pc jeweller share price',,,Here is why Discussing 'pc jeweller share price' is taking over the Fashion world! ğŸš€,#Fashion #Reel #fyp,Google Trends
2026-01-20,bismil.live,Instagram,Carousel,Repurpose Hit: Inspired by rhythm. Woven in craft. Desi..,https://www.instagram.com/p/DQtLpyLEXkZ/,,Here is why Inspired by rhythm. Woven in craft. Desi.. is taking over the Fashion world! ğŸš€,#Fashion #Carousel #fyp,Historical Data
2026-01-20,snitchxclub,Instagram,Reel,Trend Alert: Discussing 'kay the fashion bay',,,The ultimate guide to Discussing 'kay the fashion bay'. Save this for later! ğŸ“Œ,#Fashion #Reel #fyp,Google Trends
2026-01-21,snitch.co.in,Instagram,Post,Repurpose Hit: Behind every â€œmade itâ€ is a story nobody..,https://www.instagram.com/p/DPMDMz7kh38/,,The ultimate guide to Behind every â€œmade itâ€ is a story nobody... Save this for later! ğŸ“Œ,#Fashion #Post #fyp,Historical Data
2026-01-21,tusharkakkar_,Instagram,Reel,Repurpose Hit: Built for every version of me @snitch.co..,https://www.instagram.com/p/DTK66U0ksmJ/,,The ultimate guide to Built for every version of me @snitch.co... Save this for later! ğŸ“Œ,#Fashion #Reel #fyp,Historical Data
2026-01-21,snitch.plus,Instagram,Reel,Trend Alert: Discussing 'zivara fashion',,,The ultimate guide to Discussing 'zivara fashion'. Save this for later! ğŸ“Œ,#Fashion #Reel #fyp,Google Trends
2026-01-21,snitch_offline,Instagram,Reel,Trend Alert: Discussing 'kay the fashion bay',,,Here is why Discussing 'kay the fashion bay' is taking over the Fashion world! ğŸš€,#Fashion #Reel #fyp,Google Trends
2026-01-21,siddharth_dungarwal,Instagram,Reel,Trend Alert: Discussing 'zivara fashion',,,The ultimate guide to Discussing 'zivara fashion'. Save this for later! ğŸ“Œ,#Fashion #Reel #fyp,Google Trends
2026-01-21,varunbabu_,Instagram,Reel,"Repurpose Hit: Coming to see you ğŸ˜‰

DOP @itsme__hana_ â¤..",https://www.instagram.com/p/DS7gweUEtp8/,,"Have you tried Coming to see you ğŸ˜‰

DOP @itsme__hana_ â¤.. yet? Let us know below! ğŸ‘‡",#Fashion #Reel #fyp,Historical Data
2026-01-21,weareyuvaa,Instagram,Reel,Trend Alert: Discussing 'kay the fashion bay',,,The ultimate guide to Discussing 'kay the fashion bay'. Save this for later! ğŸ“Œ,#Fashion #Reel #fyp,Google Trends
2026-01-21,stumbleuponnish,Instagram,Reel,Trend Alert: Discussing 'kay the fashion bay',,,Here is why Discussing 'kay the fashion bay' is taking over the Fashion world! ğŸš€,#Fashion #Reel #fyp,Google Trends
2026-01-21,auchitya_thakur,Instagram,Reel,Trend Alert: Discussing 'pc jeweller share price',,,Have you tried Discussing 'pc jeweller share price' yet? Let us know below! ğŸ‘‡,#Fashion #Reel #fyp,Google Trends
2026-01-21,nasher_miles,Instagram,Post,Repurpose Hit: â€˜Tis the season to... solve this math pu..,https://www.instagram.com/p/DSWq5OSD5fX/,,The ultimate guide to â€˜Tis the season to... solve this math pu... Save this for later! ğŸ“Œ,#Fashion #Post #fyp,Historical Data
2026-01-21,bismil.live,Instagram,Reel,Repurpose Hit: Inspired by rhythm. Woven in craft. Desi..,https://www.instagram.com/p/DQtLpyLEXkZ/,,Here is why Inspired by rhythm. Woven in craft. Desi.. is taking over the Fashion world! ğŸš€,#Fashion #Reel #fyp,Historical Data
2026-01-21,snitchxclub,Instagram,Reel,Trend Alert: Discussing 'zivara fashion',,,Here is why Discussing 'zivara fashion' is taking over the Fashion world! ğŸš€,#Fashion #Reel #fyp,Google Trends
2026-01-22,snitch.co.in,Instagram,Reel,Trend Alert: Discussing 'pc jeweller share price',,,Have you tried Discussing 'pc jeweller share price' yet? Let us know below! ğŸ‘‡,#Fashion #Reel #fyp,Google Trends
2026-01-22,tusharkakkar_,Instagram,Reel,Repurpose Hit: Built for every version of me @snitch.co..,https://www.instagram.com/p/DTK66U0ksmJ/,,Have you tried Built for every version of me @snitch.co.. yet? Let us know below! ğŸ‘‡,#Fashion #Reel #fyp,Historical Data
2026-01-22,snitch.plus,Instagram,Carousel,Repurpose Hit: Who said plus size winter looks have to ..,https://www.instagram.com/p/DS4KZRRE7iR/,,Here is why Who said plus size winter looks have to .. is taking over the Fashion world! ğŸš€,#Fashion #Carousel #fyp,Historical Data
2026-01-22,snitch_offline,Instagram,Reel,"Repurpose Hit: Patna, the wait is over! ğŸ”¥
SNITCH is lan..",https://www.instagram.com/p/DTAtFkXgY1G/,,"Have you tried Patna, the wait is over! ğŸ”¥
SNITCH is lan.. yet? Let us know below! ğŸ‘‡",#Fashion #Reel #fyp,Historical Data
2026-01-22,siddharth_dungarwal,Instagram,Reel,Trend Alert: Discussing 'kay the fashion bay',,,Here is why Discussing 'kay the fashion bay' is taking over the Fashion world! ğŸš€,#Fashion #Reel #fyp,Google Trends
2026-01-22,varunbabu_,Instagram,Reel,Trend Alert: Discussing 'zivara fashion',,,Have you tried Discussing 'zivara fashion' yet? Let us know below! ğŸ‘‡,#Fashion #Reel #fyp,Google Trends
2026-01-22,weareyuvaa,Instagram,Reel,Trend Alert: Discussing 'zivara fashion',,,Have you tried Discussing 'zivara fashion' yet? Let us know below! ğŸ‘‡,#Fashion #Reel #fyp,Google Trends
2026-01-22,stumbleuponnish,Instagram,Carousel,Repurpose Hit: Checked out mentally. Still wearing the ..,https://www.instagram.com/p/DS4Uv27jQg9/,Tag Location: Mumbai - à¤®à¥à¤‚à¤¬à¤ˆ,Here is why Checked out mentally. Still wearing the .. is taking over the Fashion world! ğŸš€,#Fashion #Carousel #fyp,Historical Data
2026-01-22,auchitya_thakur,Instagram,Reel,"Repurpose Hit: Late Checkout ğŸ”‘
Slow mornings, soft ligh..",https://www.instagram.com/p/DS2Gc0Pk9NV/,,"The ultimate guide to Late Checkout ğŸ”‘
Slow mornings, soft ligh... Save this for later! ğŸ“Œ",#Fashion #Reel #fyp,Historical Data
2026-01-22,nasher_miles,Instagram,Post,Repurpose Hit: â€˜Tis the season to... solve this math pu..,https://www.instagram.com/p/DSWq5OSD5fX/,,Here is why â€˜Tis the season to... solve this math pu.. is taking over the Fashion world! ğŸš€,#Fashion #Post #fyp,Historical Data
2026-01-22,bismil.live,Instagram,Reel,Trend Alert: Discussing 'zivara fashion',,,Have you tried Discussing 'zivara fashion' yet? Let us know below! ğŸ‘‡,#Fashion #Reel #fyp,Google Trends
2026-01-22,snitchxclub,Instagram,Carousel,"Repurpose Hit: We have something Xclusive for you!
An X..",https://www.instagram.com/p/DOyKtZWkzDF/,,"Have you tried We have something Xclusive for you!
An X.. yet? Let us know below! ğŸ‘‡",#Fashion #Carousel #fyp,Historical Data
2026-01-23,snitch.co.in,Instagram,Reel,Trend Alert: Discussing 'kay the fashion bay',,,The ultimate guide to Discussing 'kay the fashion bay'. Save this for later! ğŸ“Œ,#Fashion #Reel #fyp,Google Trends
2026-01-23,tusharkakkar_,Instagram,Reel,Trend Alert: Discussing 'pc jeweller share price',,,Here is why Discussing 'pc jeweller share price' is taking over the Fashion world! ğŸš€,#Fashion #Reel #fyp,Google Trends
2026-01-23,snitch.plus,Instagram,Reel,Trend Alert: Discussing 'kay the fashion bay',,,The ultimate guide to Discussing 'kay the fashion bay'. Save this for later! ğŸ“Œ,#Fashion #Reel #fyp,Google Trends
2026-01-23,snitch_offline,Instagram,Reel,Trend Alert: Discussing 'kay the fashion bay',,,Here is why Discussing 'kay the fashion bay' is taking over the Fashion world! ğŸš€,#Fashion #Reel #fyp,Google Trends
2026-01-23,siddharth_dungarwal,Instagram,Carousel,Repurpose Hit: SNITCH 101 - Kankarbagh Patna,https://www.instagram.com/p/DTCeiQ4k3oX/,,Have you tried SNITCH 101 - Kankarbagh Patna yet? Let us know below! ğŸ‘‡,#Fashion #Carousel #fyp,Historical Data
2026-01-23,varunbabu_,Instagram,Reel,Trend Alert: Discussing 'kay the fashion bay',,,Have you tried Discussing 'kay the fashion bay' yet? Let us know below! ğŸ‘‡,#Fashion #Reel #fyp,Google Trends
2026-01-23,weareyuvaa,Instagram,Reel,Trend Alert: Discussing 'pc jeweller share price',,,Have you tried Discussing 'pc jeweller share price' yet? Let us know below! ğŸ‘‡,#Fashion #Reel #fyp,Google Trends
2026-01-23,stumbleuponnish,Instagram,Reel,Trend Alert: Discussing 'kay the fashion bay',,,Here is why Discussing 'kay the fashion bay' is taking over the Fashion world! ğŸš€,#Fashion #Reel #fyp,Google Trends
2026-01-23,auchitya_thakur,Instagram,Reel,Trend Alert: Discussing 'kay the fashion bay',,,Here is why Discussing 'kay the fashion bay' is taking over the Fashion world! ğŸš€,#Fashion #Reel #fyp,Google Trends
2026-01-23,nasher_miles,Instagram,Reel,Trend Alert: Discussing 'kay the fashion bay',,,Here is why Discussing 'kay the fashion bay' is taking over the Fashion world! ğŸš€,#Fashion #Reel #fyp,Google Trends
2026-01-23,bismil.live,Instagram,Reel,Trend Alert: Discussing 'what is sustainable fashion',,,The ultimate guide to Discussing 'what is sustainable fashion'. Save this for later! ğŸ“Œ,#Fashion #Reel #fyp,Google Trends
2026-01-23,snitchxclub,Instagram,Reel,Trend Alert: Discussing 'what is sustainable fashion',,,Here is why Discussing 'what is sustainable fashion' is taking over the Fashion world! ğŸš€,#Fashion #Reel #fyp,Google Trends
2026-01-24,snitch.co.in,Instagram,Reel,Trend Alert: Discussing 'what is sustainable fashion',,,The ultimate guide to Discussing 'what is sustainable fashion'. Save this for later! ğŸ“Œ,#Fashion #Reel #fyp,Google Trends
2026-01-24,tusharkakkar_,Instagram,Reel,Repurpose Hit: Built for every version of me @snitch.co..,https://www.instagram.com/p/DTK66U0ksmJ/,,Have you tried Built for every version of me @snitch.co.. yet? Let us know below! ğŸ‘‡,#Fashion #Reel #fyp,Historical Data
2026-01-24,snitch.plus,Instagram,Reel,Trend Alert: Discussing 'kay the fashion bay',,,Have you tried Discussing 'kay the fashion bay' yet? Let us know below! ğŸ‘‡,#Fashion #Reel #fyp,Google Trends
2026-01-24,snitch_offline,Instagram,Reel,Trend Alert: Discussing 'kay the fashion bay',,,Here is why Discussing 'kay the fashion bay' is taking over the Fashion world! ğŸš€,#Fashion #Reel #fyp,Google Trends
2026-01-24,siddharth_dungarwal,Instagram,Reel,Trend Alert: Discussing 'kay the fashion bay',,,Here is why Discussing 'kay the fashion bay' is taking over the Fashion world! ğŸš€,#Fashion #Reel #fyp,Google Trends
2026-01-24,varunbabu_,Instagram,Reel,"Repurpose Hit: Coming to see you ğŸ˜‰

DOP @itsme__hana_ â¤..",https://www.instagram.com/p/DS7gweUEtp8/,,"Here is why Coming to see you ğŸ˜‰

DOP @itsme__hana_ â¤.. is taking over the Fashion world! ğŸš€",#Fashion #Reel #fyp,Historical Data
2026-01-24,weareyuvaa,Instagram,Reel,Trend Alert: Discussing 'what is sustainable fashion',,,Here is why Discussing 'what is sustainable fashion' is taking over the Fashion world! ğŸš€,#Fashion #Reel #fyp,Google Trends
2026-01-24,stumbleuponnish,Instagram,Carousel,Repurpose Hit: Checked out mentally. Still wearing the ..,https://www.instagram.com/p/DS4Uv27jQg9/,Tag Location: Mumbai - à¤®à¥à¤‚à¤¬à¤ˆ,The ultimate guide to Checked out mentally. Still wearing the ... Save this for later! ğŸ“Œ,#Fashion #Carousel #fyp,Historical Data
2026-01-24,auchitya_thakur,Instagram,Reel,"Repurpose Hit: Late Checkout ğŸ”‘
Slow mornings, soft ligh..",https://www.instagram.com/p/DS2Gc0Pk9NV/,,"The ultimate guide to Late Checkout ğŸ”‘
Slow mornings, soft ligh... Save this for later! ğŸ“Œ",#Fashion #Reel #fyp,Historical Data
2026-01-24,nasher_miles,Instagram,Post,Repurpose Hit: â€˜Tis the season to... solve this math pu..,https://www.instagram.com/p/DSWq5OSD5fX/,,Here is why â€˜Tis the season to... solve this math pu.. is taking over the Fashion world! ğŸš€,#Fashion #Post #fyp,Historical Data
2026-01-24,bismil.live,Instagram,Reel,Trend Alert: Discussing 'kay the fashion bay',,,Here is why Discussing 'kay the fashion bay' is taking over the Fashion world! ğŸš€,#Fashion #Reel #fyp,Google Trends
2026-01-24,snitchxclub,Instagram,Carousel,"Repurpose Hit: We have something Xclusive for you!
An X..",https://www.instagram.com/p/DOyKtZWkzDF/,,"Have you tried We have something Xclusive for you!
An X.. yet? Let us know below! ğŸ‘‡",#Fashion #Carousel #fyp,Historical Data
2026-01-25,snitch.co.in,Instagram,Reel,Trend Alert: Discussing 'kay the fashion bay',,,Here is why Discussing 'kay the fashion bay' is taking over the Fashion world! ğŸš€,#Fashion #Reel #fyp,Google Trends
2026-01-25,tusharkakkar_,Instagram,Reel,Trend Alert: Discussing 'what is sustainable fashion',,,Have you tried Discussing 'what is sustainable fashion' yet? Let us know below! ğŸ‘‡,#Fashion #Reel #fyp,Google Trends
2026-01-25,snitch.plus,Instagram,Reel,Trend Alert: Discussing 'what is sustainable fashion',,,The ultimate guide to Discussing 'what is sustainable fashion'. Save this for later! ğŸ“Œ,#Fashion #Reel #fyp,Google Trends
2026-01-25,snitch_offline,Instagram,Reel,Trend Alert: Discussing 'what is sustainable fashion',,,The ultimate guide to Discussing 'what is sustainable fashion'. Save this for later! ğŸ“Œ,#Fashion #Reel #fyp,Google Trends
2026-01-25,siddharth_dungarwal,Instagram,Carousel,Repurpose Hit: SNITCH 101 - Kankarbagh Patna,https://www.instagram.com/p/DTCeiQ4k3oX/,,The ultimate guide to SNITCH 101 - Kankarbagh Patna. Save this for later! ğŸ“Œ,#Fashion #Carousel #fyp,Historical Data
2026-01-25,varunbabu_,Instagram,Reel,"Repurpose Hit: Coming to see you ğŸ˜‰

DOP @itsme__hana_ â¤..",https://www.instagram.com/p/DS7gweUEtp8/,,"Here is why Coming to see you ğŸ˜‰

DOP @itsme__hana_ â¤.. is taking over the Fashion world! ğŸš€",#Fashion #Reel #fyp,Historical Data
2026-01-25,weareyuvaa,Instagram,Reel,Trend Alert: Discussing 'what is sustainable fashion',,,Here is why Discussing 'what is sustainable fashion' is taking over the Fashion world! ğŸš€,#Fashion #Reel #fyp,Google Trends
2026-01-25,stumbleuponnish,Instagram,Carousel,Repurpose Hit: Checked out mentally. Still wearing the ..,https://www.instagram.com/p/DS4Uv27jQg9/,Tag Location: Mumbai - à¤®à¥à¤‚à¤¬à¤ˆ,Here is why Checked out mentally. Still wearing the .. is taking over the Fashion world! ğŸš€,#Fashion #Carousel #fyp,Historical Data
2026-01-25,auchitya_thakur,Instagram,Reel,Trend Alert: Discussing 'kay the fashion bay',,,Have you tried Discussing 'kay the fashion bay' yet? Let us know below! ğŸ‘‡,#Fashion #Reel #fyp,Google Trends
2026-01-25,nasher_miles,Instagram,Reel,Trend Alert: Discussing 'kay the fashion bay',,,Here is why Discussing 'kay the fashion bay' is taking over the Fashion world! ğŸš€,#Fashion #Reel #fyp,Google Trends
2026-01-25,bismil.live,Instagram,Reel,Trend Alert: Discussing 'what is sustainable fashion',,,Here is why Discussing 'what is sustainable fashion' is taking over the Fashion world! ğŸš€,#Fashion #Reel #fyp,Google Trends
2026-01-25,snitchxclub,Instagram,Carousel,Repurpose Hit: Donâ€™t say we didnâ€™t warn you!!,https://www.instagram.com/p/DO0nTQdk_7f/,,The ultimate guide to Donâ€™t say we didnâ€™t warn you!!. Save this for later! ğŸ“Œ,#Fashion #Carousel #fyp,Historical Data
2026-01-26,snitch.co.in,Instagram,Reel,Trend Alert: Discussing 'filatex fashion share',,,Have you tried Discussing 'filatex fashion share' yet? Let us know below! ğŸ‘‡,#Fashion #Reel #fyp,Google Trends
2026-01-26,tusharkakkar_,Instagram,Reel,Trend Alert: Discussing 'filatex fashion share',,,Here is why Discussing 'filatex fashion share' is taking over the Fashion world! ğŸš€,#Fashion #Reel #fyp,Google Trends
2026-01-26,snitch.plus,Instagram,Carousel,Repurpose Hit: Who said plus size winter looks have to ..,https://www.instagram.com/p/DS4KZRRE7iR/,,Have you tried Who said plus size winter looks have to .. yet? Let us know below! ğŸ‘‡,#Fashion #Carousel #fyp,Historical Data
2026-01-26,snitch_offline,Instagram,Reel,Trend Alert: Discussing 'filatex fashion share',,,Here is why Discussing 'filatex fashion share' is taking over the Fashion world! ğŸš€,#Fashion #Reel #fyp,Google Trends
2026-01-26,siddharth_dungarwal,Instagram,Reel,Trend Alert: Discussing 'what is sustainable fashion',,,Here is why Discussing 'what is sustainable fashion' is taking over the Fashion world! ğŸš€,#Fashion #Reel #fyp,Google Trends
2026-01-26,varunbabu_,Instagram,Reel,Trend Alert: Discussing 'kay the fashion bay',,,Have you tried Discussing 'kay the fashion bay' yet? Let us know below! ğŸ‘‡,#Fashion #Reel #fyp,Google Trends
2026-01-26,weareyuvaa,Instagram,Reel,Trend Alert: Discussing 'filatex fashion share',,,Have you tried Discussing 'filatex fashion share' yet? Let us know below! ğŸ‘‡,#Fashion #Reel #fyp,Google Trends
2026-01-26,stumbleuponnish,Instagram,Reel,Trend Alert: Discussing 'filatex fashion share',,,Have you tried Discussing 'filatex fashion share' yet? Let us know below! ğŸ‘‡,#Fashion #Reel #fyp,Google Trends
2026-01-26,auchitya_thakur,Instagram,Carousel,"Repurpose Hit: Late Checkout ğŸ”‘
Slow mornings, soft ligh..",https://www.instagram.com/p/DS2Gc0Pk9NV/,,"Have you tried Late Checkout ğŸ”‘
Slow mornings, soft ligh.. yet? Let us know below! ğŸ‘‡",#Fashion #Carousel #fyp,Historical Data
2026-01-26,nasher_miles,Instagram,Reel,Trend Alert: Discussing 'what is sustainable fashion',,,The ultimate guide to Discussing 'what is sustainable fashion'. Save this for later! ğŸ“Œ,#Fashion #Reel #fyp,Google Trends
2026-01-26,bismil.live,Instagram,Reel,Trend Alert: Discussing 'what is sustainable fashion',,,Have you tried Discussing 'what is sustainable fashion' yet? Let us know below! ğŸ‘‡,#Fashion #Reel #fyp,Google Trends
2026-01-26,snitchxclub,Instagram,Reel,Trend Alert: Discussing 'kay the fashion bay',,,Have you tried Discussing 'kay the fashion bay' yet? Let us know below! ğŸ‘‡,#Fashion #Reel #fyp,Google Trends
2026-01-27,snitch.co.in,Instagram,Reel,Trend Alert: Discussing 'what is sustainable fashion',,,The ultimate guide to Discussing 'what is sustainable fashion'. Save this for later! ğŸ“Œ,#Fashion #Reel #fyp,Google Trends
2026-01-27,tusharkakkar_,Instagram,Reel,Repurpose Hit: Built for every version of me @snitch.co..,https://www.instagram.com/p/DTK66U0ksmJ/,,Have you tried Built for every version of me @snitch.co.. yet? Let us know below! ğŸ‘‡,#Fashion #Reel #fyp,Historical Data
2026-01-27,snitch.plus,Instagram,Reel,Trend Alert: Discussing 'filatex fashion share',,,Here is why Discussing 'filatex fashion share' is taking over the Fashion world! ğŸš€,#Fashion #Reel #fyp,Google Trends
2026-01-27,snitch_offline,Instagram,Reel,Trend Alert: Discussing 'filatex fashion share',,,Here is why Discussing 'filatex fashion share' is taking over the Fashion world! ğŸš€,#Fashion #Reel #fyp,Google Trends
2026-01-27,siddharth_dungarwal,Instagram,Reel,Trend Alert: Discussing 'what is sustainable fashion',,,Have you tried Discussing 'what is sustainable fashion' yet? Let us know below! ğŸ‘‡,#Fashion #Reel #fyp,Google Trends
2026-01-27,varunbabu_,Instagram,Reel,"Repurpose Hit: Coming to see you ğŸ˜‰

DOP @itsme__hana_ â¤..",https://www.instagram.com/p/DS7gweUEtp8/,,"The ultimate guide to Coming to see you ğŸ˜‰

DOP @itsme__hana_ â¤... Save this for later! ğŸ“Œ",#Fashion #Reel #fyp,Historical Data
2026-01-27,weareyuvaa,Instagram,Reel,Trend Alert: Discussing 'kay the fashion bay',,,Have you tried Discussing 'kay the fashion bay' yet? Let us know below! ğŸ‘‡,#Fashion #Reel #fyp,Google Trends
2026-01-27,stumbleuponnish,Instagram,Carousel,Repurpose Hit: Checked out mentally. Still wearing the ..,https://www.instagram.com/p/DS4Uv27jQg9/,Tag Location: Mumbai - à¤®à¥à¤‚à¤¬à¤ˆ,Have you tried Checked out mentally. Still wearing the .. yet? Let us know below! ğŸ‘‡,#Fashion #Carousel #fyp,Historical Data
2026-01-27,auchitya_thakur,Instagram,Reel,Trend Alert: Discussing 'kay the fashion bay',,,Here is why Discussing 'kay the fashion bay' is taking over the Fashion world! ğŸš€,#Fashion #Reel #fyp,Google Trends
2026-01-27,nasher_miles,Instagram,Reel,Trend Alert: Discussing 'kay the fashion bay',,,The ultimate guide to Discussing 'kay the fashion bay'. Save this for later! ğŸ“Œ,#Fashion #Reel #fyp,Google Trends
2026-01-27,bismil.live,Instagram,Reel,Trend Alert: Discussing 'filatex fashion share',,,The ultimate guide to Discussing 'filatex fashion share'. Save this for later! ğŸ“Œ,#Fashion #Reel #fyp,Google Trends
2026-01-27,snitchxclub,Instagram,Reel,Trend Alert: Discussing 'kay the fashion bay',,,Here is why Discussing 'kay the fashion bay' is taking over the Fashion world! ğŸš€,#Fashion #Reel #fyp,Google Trends
2026-01-28,snitch.co.in,Instagram,Reel,Trend Alert: Discussing 'what is sustainable fashion',,,Here is why Discussing 'what is sustainable fashion' is taking over the Fashion world! ğŸš€,#Fashion #Reel #fyp,Google Trends
2026-01-28,tusharkakkar_,Instagram,Reel,Repurpose Hit: Built for every version of me @snitch.co..,https://www.instagram.com/p/DTK66U0ksmJ/,,The ultimate guide to Built for every version of me @snitch.co... Save this for later! ğŸ“Œ,#Fashion #Reel #fyp,Historical Data
2026-01-28,snitch.plus,Instagram,Carousel,Repurpose Hit: Who said plus size winter looks have to ..,https://www.instagram.com/p/DS4KZRRE7iR/,,Here is why Who said plus size winter looks have to .. is taking over the Fashion world! ğŸš€,#Fashion #Carousel #fyp,Historical Data
2026-01-28,snitch_offline,Instagram,Reel,Trend Alert: Discussing 'what is sustainable fashion',,,Here is why Discussing 'what is sustainable fashion' is taking over the Fashion world! ğŸš€,#Fashion #Reel #fyp,Google Trends
2026-01-28,siddharth_dungarwal,Instagram,Carousel,Repurpose Hit: SNITCH 101 - Kankarbagh Patna,https://www.instagram.com/p/DTCeiQ4k3oX/,,Have you tried SNITCH 101 - Kankarbagh Patna yet? Let us know below! ğŸ‘‡,#Fashion #Carousel #fyp,Historical Data
2026-01-28,varunbabu_,Instagram,Reel,Trend Alert: Discussing 'filatex fashion share',,,The ultimate guide to Discussing 'filatex fashion share'. Save this for later! ğŸ“Œ,#Fashion #Reel #fyp,Google Trends
2026-01-28,weareyuvaa,Instagram,Reel,Repurpose Hit: What do you want to be more confident ab..,https://www.instagram.com/p/DS6vge5CP17/,,Have you tried What do you want to be more confident ab.. yet? Let us know below! ğŸ‘‡,#Fashion #Reel #fyp,Historical Data
2026-01-28,stumbleuponnish,Instagram,Carousel,Repurpose Hit: Checked out mentally. Still wearing the ..,https://www.instagram.com/p/DS4Uv27jQg9/,Tag Location: Mumbai - à¤®à¥à¤‚à¤¬à¤ˆ,Have you tried Checked out mentally. Still wearing the .. yet? Let us know below! ğŸ‘‡,#Fashion #Carousel #fyp,Historical Data
2026-01-28,auchitya_thakur,Instagram,Reel,Trend Alert: Discussing 'filatex fashion share',,,Here is why Discussing 'filatex fashion share' is taking over the Fashion world! ğŸš€,#Fashion #Reel #fyp,Google Trends
2026-01-28,nasher_miles,Instagram,Reel,Trend Alert: Discussing 'filatex fashion share',,,Have you tried Discussing 'filatex fashion share' yet? Let us know below! ğŸ‘‡,#Fashion #Reel #fyp,Google Trends
2026-01-28,bismil.live,Instagram,Reel,Repurpose Hit: Inspired by rhythm. Woven in craft. Desi..,https://www.instagram.com/p/DQtLpyLEXkZ/,,Here is why Inspired by rhythm. Woven in craft. Desi.. is taking over the Fashion world! ğŸš€,#Fashion #Reel #fyp,Historical Data
2026-01-28,snitchxclub,Instagram,Reel,Trend Alert: Discussing 'filatex fashion share',,,The ultimate guide to Discussing 'filatex fashion share'. Save this for later! ğŸ“Œ,#Fashion #Reel #fyp,Google Trends
2026-01-29,snitch.co.in,Instagram,Carousel,Repurpose Hit: Dekho na guyssssğŸ’ğŸ»â€â™‚ï¸,https://www.instagram.com/p/DTC44OtEmz1/,,The ultimate guide to Dekho na guyssssğŸ’ğŸ»â€â™‚ï¸. Save this for later! ğŸ“Œ,#Fashion #Carousel #fyp,Historical Data
2026-01-29,tusharkakkar_,Instagram,Carousel,Repurpose Hit: Built for every version of me @snitch.co..,https://www.instagram.com/p/DTK66U0ksmJ/,,Here is why Built for every version of me @snitch.co.. is taking over the Fashion world! ğŸš€,#Fashion #Carousel #fyp,Historical Data
2026-01-29,snitch.plus,Instagram,Reel,Trend Alert: Discussing 'kay the fashion bay',,,Here is why Discussing 'kay the fashion bay' is taking over the Fashion world! ğŸš€,#Fashion #Reel #fyp,Google Trends
2026-01-29,snitch_offline,Instagram,Reel,Trend Alert: Discussing 'what is sustainable fashion',,,The ultimate guide to Discussing 'what is sustainable fashion'. Save this for later! ğŸ“Œ,#Fashion #Reel #fyp,Google Trends
2026-01-29,siddharth_dungarwal,Instagram,Carousel,Repurpose Hit: SNITCH 101 - Kankarbagh Patna,https://www.instagram.com/p/DTCeiQ4k3oX/,,The ultimate guide to SNITCH 101 - Kankarbagh Patna. Save this for later! ğŸ“Œ,#Fashion #Carousel #fyp,Historical Data
2026-01-29,varunbabu_,Instagram,Reel,Trend Alert: Discussing 'filatex fashion share',,,Here is why Discussing 'filatex fashion share' is taking over the Fashion world! ğŸš€,#Fashion #Reel #fyp,Google Trends
2026-01-29,weareyuvaa,Instagram,Reel,Trend Alert: Discussing 'filatex fashion share',,,Have you tried Discussing 'filatex fashion share' yet? Let us know below! ğŸ‘‡,#Fashion #Reel #fyp,Google Trends
2026-01-29,stumbleuponnish,Instagram,Reel,Trend Alert: Discussing 'kay the fashion bay',,,Have you tried Discussing 'kay the fashion bay' yet? Let us know below! ğŸ‘‡,#Fashion #Reel #fyp,Google Trends
2026-01-29,auchitya_thakur,Instagram,Carousel,"Repurpose Hit: Late Checkout ğŸ”‘
Slow mornings, soft ligh..",https://www.instagram.com/p/DS2Gc0Pk9NV/,,"Have you tried Late Checkout ğŸ”‘
Slow mornings, soft ligh.. yet? Let us know below! ğŸ‘‡",#Fashion #Carousel #fyp,Historical Data
2026-01-29,nasher_miles,Instagram,Carousel,Repurpose Hit: â€˜Tis the season to... solve this math pu..,https://www.instagram.com/p/DSWq5OSD5fX/,,Have you tried â€˜Tis the season to... solve this math pu.. yet? Let us know below! ğŸ‘‡,#Fashion #Carousel #fyp,Historical Data
2026-01-29,bismil.live,Instagram,Carousel,Repurpose Hit: Inspired by rhythm. Woven in craft. Desi..,https://www.instagram.com/p/DQtLpyLEXkZ/,,Have you tried Inspired by rhythm. Woven in craft. Desi.. yet? Let us know below! ğŸ‘‡,#Fashion #Carousel #fyp,Historical Data
2026-01-29,snitchxclub,Instagram,Reel,Trend Alert: Discussing 'kay the fashion bay',,,The ultimate guide to Discussing 'kay the fashion bay'. Save this for later! ğŸ“Œ,#Fashion #Reel #fyp,Google Trends
2026-01-30,snitch.co.in,Instagram,Reel,Trend Alert: Discussing 'kay the fashion bay',,,Here is why Discussing 'kay the fashion bay' is taking over the Fashion world! ğŸš€,#Fashion #Reel #fyp,Google Trends
2026-01-30,tusharkakkar_,Instagram,Reel,Trend Alert: Discussing 'kay the fashion bay',,,The ultimate guide to Discussing 'kay the fashion bay'. Save this for later! ğŸ“Œ,#Fashion #Reel #fyp,Google Trends
2026-01-30,snitch.plus,Instagram,Reel,Trend Alert: Discussing 'kay the fashion bay',,,Here is why Discussing 'kay the fashion bay' is taking over the Fashion world! ğŸš€,#Fashion #Reel #fyp,Google Trends
2026-01-30,snitch_offline,Instagram,Reel,Trend Alert: Discussing 'kay the fashion bay',,,Here is why Discussing 'kay the fashion bay' is taking over the Fashion world! ğŸš€,#Fashion #Reel #fyp,Google Trends
2026-01-30,siddharth_dungarwal,Instagram,Reel,Trend Alert: Discussing 'what is sustainable fashion',,,Here is why Discussing 'what is sustainable fashion' is taking over the Fashion world! ğŸš€,#Fashion #Reel #fyp,Google Trends
2026-01-30,varunbabu_,Instagram,Reel,Trend Alert: Discussing 'kay the fashion bay',,,Here is why Discussing 'kay the fashion bay' is taking over the Fashion world! ğŸš€,#Fashion #Reel #fyp,Google Trends
2026-01-30,weareyuvaa,Instagram,Reel,Trend Alert: Discussing 'filatex fashion share',,,Have you tried Discussing 'filatex fashion share' yet? Let us know below! ğŸ‘‡,#Fashion #Reel #fyp,Google Trends
2026-01-30,stumbleuponnish,Instagram,Reel,Trend Alert: Discussing 'filatex fashion share',,,Here is why Discussing 'filatex fashion share' is taking over the Fashion world! ğŸš€,#Fashion #Reel #fyp,Google Trends
2026-01-30,auchitya_thakur,Instagram,Reel,"Repurpose Hit: Late Checkout ğŸ”‘
Slow mornings, soft ligh..",https://www.instagram.com/p/DS2Gc0Pk9NV/,,"Here is why Late Checkout ğŸ”‘
Slow mornings, soft ligh.. is taking over the Fashion world! ğŸš€",#Fashion #Reel #fyp,Historical Data
2026-01-30,nasher_miles,Instagram,Post,Repurpose Hit: â€˜Tis the season to... solve this math pu..,https://www.instagram.com/p/DSWq5OSD5fX/,,The ultimate guide to â€˜Tis the season to... solve this math pu... Save this for later! ğŸ“Œ,#Fashion #Post #fyp,Historical Data
2026-01-30,bismil.live,Instagram,Reel,Trend Alert: Discussing 'what is sustainable fashion',,,Have you tried Discussing 'what is sustainable fashion' yet? Let us know below! ğŸ‘‡,#Fashion #Reel #fyp,Google Trends
2026-01-30,snitchxclub,Instagram,Reel,Trend Alert: Discussing 'filatex fashion share',,,Have you tried Discussing 'filatex fashion share' yet? Let us know below! ğŸ‘‡,#Fashion #Reel #fyp,Google Trends
2026-01-31,snitch.co.in,Instagram,Reel,Trend Alert: Discussing 'filatex fashion share',,,Here is why Discussing 'filatex fashion share' is taking over the Fashion world! ğŸš€,#Fashion #Reel #fyp,Google Trends
2026-01-31,tusharkakkar_,Instagram,Reel,Trend Alert: Discussing 'kay the fashion bay',,,Have you tried Discussing 'kay the fashion bay' yet? Let us know below! ğŸ‘‡,#Fashion #Reel #fyp,Google Trends
2026-01-31,snitch.plus,Instagram,Carousel,Repurpose Hit: Who said plus size winter looks have to ..,https://www.instagram.com/p/DS4KZRRE7iR/,,The ultimate guide to Who said plus size winter looks have to ... Save this for later! ğŸ“Œ,#Fashion #Carousel #fyp,Historical Data
2026-01-31,snitch_offline,Instagram,Reel,Repurpose Hit: The countdown starts now â³ An invite wor..,https://www.instagram.com/p/DOGIdsRgSzt/,,Here is why The countdown starts now â³ An invite wor.. is taking over the Fashion world! ğŸš€,#Fashion #Reel #fyp,Historical Data
2026-01-31,siddharth_dungarwal,Instagram,Reel,Trend Alert: Discussing 'filatex fashion share',,,The ultimate guide to Discussing 'filatex fashion share'. Save this for later! ğŸ“Œ,#Fashion #Reel #fyp,Google Trends
2026-01-31,varunbabu_,Instagram,Reel,Trend Alert: Discussing 'what is sustainable fashion',,,Have you tried Discussing 'what is sustainable fashion' yet? Let us know below! ğŸ‘‡,#Fashion #Reel #fyp,Google Trends
2026-01-31,weareyuvaa,Instagram,Reel,Trend Alert: Discussing 'filatex fashion share',,,The ultimate guide to Discussing 'filatex fashion share'. Save this for later! ğŸ“Œ,#Fashion #Reel #fyp,Google Trends
2026-01-31,stumbleuponnish,Instagram,Reel,Trend Alert: Discussing 'filatex fashion share',,,Have you tried Discussing 'filatex fashion share' yet? Let us know below! ğŸ‘‡,#Fashion #Reel #fyp,Google Trends
2026-01-31,auchitya_thakur,Instagram,Reel,"Repurpose Hit: Late Checkout ğŸ”‘
Slow mornings, soft ligh..",https://www.instagram.com/p/DS2Gc0Pk9NV/,,"The ultimate guide to Late Checkout ğŸ”‘
Slow mornings, soft ligh... Save this for later! ğŸ“Œ",#Fashion #Reel #fyp,Historical Data
2026-01-31,nasher_miles,Instagram,Post,Repurpose Hit: â€˜Tis the season to... solve this math pu..,https://www.instagram.com/p/DSWq5OSD5fX/,,The ultimate guide to â€˜Tis the season to... solve this math pu... Save this for later! ğŸ“Œ,#Fashion #Post #fyp,Historical Data
2026-01-31,bismil.live,Instagram,Reel,Trend Alert: Discussing 'filatex fashion share',,,Here is why Discussing 'filatex fashion share' is taking over the Fashion world! ğŸš€,#Fashion #Reel #fyp,Google Trends
2026-01-31,snitchxclub,Instagram,Reel,Trend Alert: Discussing 'kay the fashion bay',,,The ultimate guide to Discussing 'kay the fashion bay'. Save this for later! ğŸ“Œ,#Fashion #Reel #fyp,Google Trends
2026-02-01,snitch.co.in,Instagram,Reel,Trend Alert: Discussing 'what is sustainable fashion',,,The ultimate guide to Discussing 'what is sustainable fashion'. Save this for later! ğŸ“Œ,#Fashion #Reel #fyp,Google Trends
2026-02-01,tusharkakkar_,Instagram,Reel,Trend Alert: Discussing 'what is sustainable fashion',,,The ultimate guide to Discussing 'what is sustainable fashion'. Save this for later! ğŸ“Œ,#Fashion #Reel #fyp,Google Trends
2026-02-01,snitch.plus,Instagram,Reel,Trend Alert: Discussing 'what is sustainable fashion',,,Here is why Discussing 'what is sustainable fashion' is taking over the Fashion world! ğŸš€,#Fashion #Reel #fyp,Google Trends
2026-02-01,snitch_offline,Instagram,Reel,Trend Alert: Discussing 'kay the fashion bay',,,Have you tried Discussing 'kay the fashion bay' yet? Let us know below! ğŸ‘‡,#Fashion #Reel #fyp,Google Trends
2026-02-01,siddharth_dungarwal,Instagram,Reel,Trend Alert: Discussing 'kay the fashion bay',,,The ultimate guide to Discussing 'kay the fashion bay'. Save this for later! ğŸ“Œ,#Fashion #Reel #fyp,Google Trends
2026-02-01,varunbabu_,Instagram,Carousel,"Repurpose Hit: Coming to see you ğŸ˜‰

DOP @itsme__hana_ â¤..",https://www.instagram.com/p/DS7gweUEtp8/,,"Here is why Coming to see you ğŸ˜‰

DOP @itsme__hana_ â¤.. is taking over the Fashion world! ğŸš€",#Fashion #Carousel #fyp,Historical Data
2026-02-01,weareyuvaa,Instagram,Reel,Trend Alert: Discussing 'filatex fashion share',,,The ultimate guide to Discussing 'filatex fashion share'. Save this for later! ğŸ“Œ,#Fashion #Reel #fyp,Google Trends
2026-02-01,stumbleuponnish,Instagram,Carousel,Repurpose Hit: Checked out mentally. Still wearing the ..,https://www.instagram.com/p/DS4Uv27jQg9/,Tag Location: Mumbai - à¤®à¥à¤‚à¤¬à¤ˆ,Here is why Checked out mentally. Still wearing the .. is taking over the Fashion world! ğŸš€,#Fashion #Carousel #fyp,Historical Data
2026-02-01,auchitya_thakur,Instagram,Reel,Trend Alert: Discussing 'what is sustainable fashion',,,Have you tried Discussing 'what is sustainable fashion' yet? Let us know below! ğŸ‘‡,#Fashion #Reel #fyp,Google Trends
2026-02-01,nasher_miles,Instagram,Carousel,Repurpose Hit: â€˜Tis the season to... solve this math pu..,https://www.instagram.com/p/DSWq5OSD5fX/,,Here is why â€˜Tis the season to... solve this math pu.. is taking over the Fashion world! ğŸš€,#Fashion #Carousel #fyp,Historical Data
2026-02-01,bismil.live,Instagram,Reel,Trend Alert: Discussing 'filatex fashion share',,,Have you tried Discussing 'filatex fashion share' yet? Let us know below! ğŸ‘‡,#Fashion #Reel #fyp,Google Trends
2026-02-01,snitchxclub,Instagram,Reel,Trend Alert: Discussing 'what is sustainable fashion',,,Have you tried Discussing 'what is sustainable fashion' yet? Let us know below! ğŸ‘‡,#Fashion #Reel #fyp,Google Trends
2026-02-02,snitch.co.in,Instagram,Post,Repurpose Hit: Dekho na guyssssğŸ’ğŸ»â€â™‚ï¸,https://www.instagram.com/p/DTC44OtEmz1/,,Have you tried Dekho na guyssssğŸ’ğŸ»â€â™‚ï¸ yet? Let us know below! ğŸ‘‡,#Fashion #Post #fyp,Historical Data
2026-02-02,tusharkakkar_,Instagram,Reel,Trend Alert: Discussing 'kay the fashion bay',,,The ultimate guide to Discussing 'kay the fashion bay'. Save this for later! ğŸ“Œ,#Fashion #Reel #fyp,Google Trends
2026-02-02,snitch.plus,Instagram,Reel,Trend Alert: Discussing 'filatex fashion share',,,Here is why Discussing 'filatex fashion share' is taking over the Fashion world! ğŸš€,#Fashion #Reel #fyp,Google Trends
2026-02-02,snitch_offline,Instagram,Reel,Trend Alert: Discussing 'what is sustainable fashion',,,Have you tried Discussing 'what is sustainable fashion' yet? Let us know below! ğŸ‘‡,#Fashion #Reel #fyp,Google Trends
2026-02-02,siddharth_dungarwal,Instagram,Carousel,Repurpose Hit: SNITCH 101 - Kankarbagh Patna,https://www.instagram.com/p/DTCeiQ4k3oX/,,Have you tried SNITCH 101 - Kankarbagh Patna yet? Let us know below! ğŸ‘‡,#Fashion #Carousel #fyp,Historical Data
2026-02-02,varunbabu_,Instagram,Reel,Trend Alert: Discussing 'filatex fashion share',,,Here is why Discussing 'filatex fashion share' is taking over the Fashion world! ğŸš€,#Fashion #Reel #fyp,Google Trends
2026-02-02,weareyuvaa,Instagram,Reel,Repurpose Hit: What do you want to be more confident ab..,https://www.instagram.com/p/DS6vge5CP17/,,Have you tried What do you want to be more confident ab.. yet? Let us know below! ğŸ‘‡,#Fashion #Reel #fyp,Historical Data
2026-02-02,stumbleuponnish,Instagram,Carousel,Repurpose Hit: Checked out mentally. Still wearing the ..,https://www.instagram.com/p/DS4Uv27jQg9/,Tag Location: Mumbai - à¤®à¥à¤‚à¤¬à¤ˆ,Here is why Checked out mentally. Still wearing the .. is taking over the Fashion world! ğŸš€,#Fashion #Carousel #fyp,Historical Data
2026-02-02,auchitya_thakur,Instagram,Reel,Trend Alert: Discussing 'filatex fashion share',,,The ultimate guide to Discussing 'filatex fashion share'. Save this for later! ğŸ“Œ,#Fashion #Reel #fyp,Google Trends
2026-02-02,nasher_miles,Instagram,Reel,Trend Alert: Discussing 'filatex fashion share',,,The ultimate guide to Discussing 'filatex fashion share'. Save this for later! ğŸ“Œ,#Fashion #Reel #fyp,Google Trends
2026-02-02,bismil.live,Instagram,Reel,Repurpose Hit: Inspired by rhythm. Woven in craft. Desi..,https://www.instagram.com/p/DQtLpyLEXkZ/,,The ultimate guide to Inspired by rhythm. Woven in craft. Desi... Save this for later! ğŸ“Œ,#Fashion #Reel #fyp,Historical Data
2026-02-02,snitchxclub,Instagram,Carousel,Repurpose Hit: The Xclusive deal ends tonight.,https://www.instagram.com/p/DO28re3E8aG/,,Have you tried The Xclusive deal ends tonight. yet? Let us know below! ğŸ‘‡,#Fashion #Carousel #fyp,Historical Data
2026-02-03,snitch.co.in,Instagram,Reel,Trend Alert: Discussing 'kay the fashion bay',,,Here is why Discussing 'kay the fashion bay' is taking over the Fashion world! ğŸš€,#Fashion #Reel #fyp,Google Trends
2026-02-03,tusharkakkar_,Instagram,Reel,Repurpose Hit: Built for every version of me @snitch.co..,https://www.instagram.com/p/DTK66U0ksmJ/,,The ultimate guide to Built for every version of me @snitch.co... Save this for later! ğŸ“Œ,#Fashion #Reel #fyp,Historical Data
2026-02-03,snitch.plus,Instagram,Carousel,Repurpose Hit: Enter into the New Year with SNITCH Plus..,https://www.instagram.com/p/DSzjsJpkxNX/,,The ultimate guide to Enter into the New Year with SNITCH Plus... Save this for later! ğŸ“Œ,#Fashion #Carousel #fyp,Historical Data
2026-02-03,snitch_offline,Instagram,Reel,"Repurpose Hit: 75 stores strong. âœ¨

Every milestone is ..",https://www.instagram.com/p/DOK7v63Adpf/,,"Here is why 75 stores strong. âœ¨

Every milestone is .. is taking over the Fashion world! ğŸš€",#Fashion #Reel #fyp,Historical Data
2026-02-03,siddharth_dungarwal,Instagram,Carousel,Repurpose Hit: SNITCH 101 - Kankarbagh Patna,https://www.instagram.com/p/DTCeiQ4k3oX/,,Here is why SNITCH 101 - Kankarbagh Patna is taking over the Fashion world! ğŸš€,#Fashion #Carousel #fyp,Historical Data
2026-02-03,varunbabu_,Instagram,Reel,Trend Alert: Discussing 'kay the fashion bay',,,Here is why Discussing 'kay the fashion bay' is taking over the Fashion world! ğŸš€,#Fashion #Reel #fyp,Google Trends
2026-02-03,weareyuvaa,Instagram,Reel,Trend Alert: Discussing 'kay the fashion bay',,,The ultimate guide to Discussing 'kay the fashion bay'. Save this for later! ğŸ“Œ,#Fashion #Reel #fyp,Google Trends
2026-02-03,stumbleuponnish,Instagram,Reel,Trend Alert: Discussing 'gj5 fashion by yaritu',,,Here is why Discussing 'gj5 fashion by yaritu' is taking over the Fashion world! ğŸš€,#Fashion #Reel #fyp,Google Trends
2026-02-03,auchitya_thakur,Instagram,Reel,Trend Alert: Discussing 'gj5 fashion',,,Have you tried Discussing 'gj5 fashion' yet? Let us know below! ğŸ‘‡,#Fashion #Reel #fyp,Google Trends
2026-02-03,nasher_miles,Instagram,Reel,Trend Alert: Discussing 'gj5 fashion',,,Here is why Discussing 'gj5 fashion' is taking over the Fashion world! ğŸš€,#Fashion #Reel #fyp,Google Trends
2026-02-03,bismil.live,Instagram,Reel,Repurpose Hit: Inspired by rhythm. Woven in craft. Desi..,https://www.instagram.com/p/DQtLpyLEXkZ/,,The ultimate guide to Inspired by rhythm. Woven in craft. Desi... Save this for later! ğŸ“Œ,#Fashion #Reel #fyp,Historical Data
2026-02-03,snitchxclub,Instagram,Reel,Trend Alert: Discussing 'gj5 fashion by yaritu',,,The ultimate guide to Discussing 'gj5 fashion by yaritu'. Save this for later! ğŸ“Œ,#Fashion #Reel #fyp,Google Trends
2026-02-04,snitch.co.in,Instagram,Reel,Trend Alert: Discussing 'gj5 fashion',,,Have you tried Discussing 'gj5 fashion' yet? Let us know below! ğŸ‘‡,#Fashion #Reel #fyp,Google Trends
2026-02-04,tusharkakkar_,Instagram,Reel,Trend Alert: Discussing 'gj5 fashion by yaritu',,,The ultimate guide to Discussing 'gj5 fashion by yaritu'. Save this for later! ğŸ“Œ,#Fashion #Reel #fyp,Google Trends
2026-02-04,snitch.plus,Instagram,Reel,Trend Alert: Discussing 'kay the fashion bay',,,Here is why Discussing 'kay the fashion bay' is taking over the Fashion world! ğŸš€,#Fashion #Reel #fyp,Google Trends
2026-02-04,snitch_offline,Instagram,Reel,Trend Alert: Discussing 'kay the fashion bay',,,The ultimate guide to Discussing 'kay the fashion bay'. Save this for later! ğŸ“Œ,#Fashion #Reel #fyp,Google Trends
2026-02-04,siddharth_dungarwal,Instagram,Reel,Trend Alert: Discussing 'kay the fashion bay',,,The ultimate guide to Discussing 'kay the fashion bay'. Save this for later! ğŸ“Œ,#Fashion #Reel #fyp,Google Trends
2026-02-04,varunbabu_,Instagram,Reel,Trend Alert: Discussing 'gj5 fashion',,,Have you tried Discussing 'gj5 fashion' yet? Let us know below! ğŸ‘‡,#Fashion #Reel #fyp,Google Trends
2026-02-04,weareyuvaa,Instagram,Reel,Trend Alert: Discussing 'gj5 fashion',,,Have you tried Discussing 'gj5 fashion' yet? Let us know below! ğŸ‘‡,#Fashion #Reel #fyp,Google Trends
2026-02-04,stumbleuponnish,Instagram,Carousel,Repurpose Hit: Checked out mentally. Still wearing the ..,https://www.instagram.com/p/DS4Uv27jQg9/,Tag Location: Mumbai - à¤®à¥à¤‚à¤¬à¤ˆ,The ultimate guide to Checked out mentally. Still wearing the ... Save this for later! ğŸ“Œ,#Fashion #Carousel #fyp,Historical Data
2026-02-04,auchitya_thakur,Instagram,Carousel,"Repurpose Hit: Late Checkout ğŸ”‘
Slow mornings, soft ligh..",https://www.instagram.com/p/DS2Gc0Pk9NV/,,"The ultimate guide to Late Checkout ğŸ”‘
Slow mornings, soft ligh... Save this for later! ğŸ“Œ",#Fashion #Carousel #fyp,Historical Data
2026-02-04,nasher_miles,Instagram,Reel,Trend Alert: Discussing 'gj5 fashion by yaritu',,,Here is why Discussing 'gj5 fashion by yaritu' is taking over the Fashion world! ğŸš€,#Fashion #Reel #fyp,Google Trends
2026-02-04,bismil.live,Instagram,Reel,Trend Alert: Discussing 'gj5 fashion',,,Have you tried Discussing 'gj5 fashion' yet? Let us know below! ğŸ‘‡,#Fashion #Reel #fyp,Google Trends
2026-02-04,snitchxclub,Instagram,Carousel,Repurpose Hit: The Xclusive deal ends tonight.,https://www.instagram.com/p/DO28re3E8aG/,,Here is why The Xclusive deal ends tonight. is taking over the Fashion world! ğŸš€,#Fashion #Carousel #fyp,Historical Data
2026-02-05,snitch.co.in,Instagram,Reel,Trend Alert: Discussing 'gj5 fashion by yaritu',,,Have you tried Discussing 'gj5 fashion by yaritu' yet? Let us know below! ğŸ‘‡,#Fashion #Reel #fyp,Google Trends
2026-02-05,tusharkakkar_,Instagram,Reel,Trend Alert: Discussing 'gj5 fashion',,,Here is why Discussing 'gj5 fashion' is taking over the Fashion world! ğŸš€,#Fashion #Reel #fyp,Google Trends
2026-02-05,snitch.plus,Instagram,Carousel,Repurpose Hit: Proof how the right pair of trousers can..,https://www.instagram.com/p/DTAfhG4k0WH/,,Here is why Proof how the right pair of trousers can.. is taking over the Fashion world! ğŸš€,#Fashion #Carousel #fyp,Historical Data
2026-02-05,snitch_offline,Instagram,Reel,Trend Alert: Discussing 'gj5 fashion',,,Have you tried Discussing 'gj5 fashion' yet? Let us know below! ğŸ‘‡,#Fashion #Reel #fyp,Google Trends
2026-02-05,siddharth_dungarwal,Instagram,Carousel,Repurpose Hit: SNITCH 101 - Kankarbagh Patna,https://www.instagram.com/p/DTCeiQ4k3oX/,,Here is why SNITCH 101 - Kankarbagh Patna is taking over the Fashion world! ğŸš€,#Fashion #Carousel #fyp,Historical Data
2026-02-05,varunbabu_,Instagram,Reel,"Repurpose Hit: Coming to see you ğŸ˜‰

DOP @itsme__hana_ â¤..",https://www.instagram.com/p/DS7gweUEtp8/,,"The ultimate guide to Coming to see you ğŸ˜‰

DOP @itsme__hana_ â¤... Save this for later! ğŸ“Œ",#Fashion #Reel #fyp,Historical Data
2026-02-05,weareyuvaa,Instagram,Reel,Trend Alert: Discussing 'gj5 fashion by yaritu',,,Have you tried Discussing 'gj5 fashion by yaritu' yet? Let us know below! ğŸ‘‡,#Fashion #Reel #fyp,Google Trends
2026-02-05,stumbleuponnish,Instagram,Reel,Trend Alert: Discussing 'kay the fashion bay',,,Here is why Discussing 'kay the fashion bay' is taking over the Fashion world! ğŸš€,#Fashion #Reel #fyp,Google Trends
2026-02-05,auchitya_thakur,Instagram,Reel,Trend Alert: Discussing 'kay the fashion bay',,,Here is why Discussing 'kay the fashion bay' is taking over the Fashion world! ğŸš€,#Fashion #Reel #fyp,Google Trends
2026-02-05,nasher_miles,Instagram,Reel,Trend Alert: Discussing 'kay the fashion bay',,,Have you tried Discussing 'kay the fashion bay' yet? Let us know below! ğŸ‘‡,#Fashion #Reel #fyp,Google Trends
2026-02-05,bismil.live,Instagram,Reel,Repurpose Hit: Inspired by rhythm. Woven in craft. Desi..,https://www.instagram.com/p/DQtLpyLEXkZ/,,Have you tried Inspired by rhythm. Woven in craft. Desi.. yet? Let us know below! ğŸ‘‡,#Fashion #Reel #fyp,Historical Data
2026-02-05,snitchxclub,Instagram,Reel,Trend Alert: Discussing 'gj5 fashion by yaritu',,,Have you tried Discussing 'gj5 fashion by yaritu' yet? Let us know below! ğŸ‘‡,#Fashion #Reel #fyp,Google Trends
2026-02-06,snitch.co.in,Instagram,Post,Repurpose Hit: Behind every â€œmade itâ€ is a story nobody..,https://www.instagram.com/p/DPMDMz7kh38/,,Here is why Behind every â€œmade itâ€ is a story nobody.. is taking over the Fashion world! ğŸš€,#Fashion #Post #fyp,Historical Data
2026-02-06,tusharkakkar_,Instagram,Reel,Trend Alert: Discussing 'gj5 fashion',,,The ultimate guide to Discussing 'gj5 fashion'. Save this for later! ğŸ“Œ,#Fashion #Reel #fyp,Google Trends
2026-02-06,snitch.plus,Instagram,Carousel,Repurpose Hit: Proof how the right pair of trousers can..,https://www.instagram.com/p/DTAfhG4k0WH/,,The ultimate guide to Proof how the right pair of trousers can... Save this for later! ğŸ“Œ,#Fashion #Carousel #fyp,Historical Data
2026-02-06,snitch_offline,Instagram,Reel,Trend Alert: Discussing 'gj5 fashion by yaritu',,,Here is why Discussing 'gj5 fashion by yaritu' is taking over the Fashion world! ğŸš€,#Fashion #Reel #fyp,Google Trends
2026-02-06,siddharth_dungarwal,Instagram,Reel,Trend Alert: Discussing 'gj5 fashion',,,Have you tried Discussing 'gj5 fashion' yet? Let us know below! ğŸ‘‡,#Fashion #Reel #fyp,Google Trends
2026-02-06,varunbabu_,Instagram,Reel,"Repurpose Hit: Coming to see you ğŸ˜‰

DOP @itsme__hana_ â¤..",https://www.instagram.com/p/DS7gweUEtp8/,,"The ultimate guide to Coming to see you ğŸ˜‰

DOP @itsme__hana_ â¤... Save this for later! ğŸ“Œ",#Fashion #Reel #fyp,Historical Data
2026-02-06,weareyuvaa,Instagram,Reel,Repurpose Hit: What do you want to be more confident ab..,https://www.instagram.com/p/DS6vge5CP17/,,Have you tried What do you want to be more confident ab.. yet? Let us know below! ğŸ‘‡,#Fashion #Reel #fyp,Historical Data
2026-02-06,stumbleuponnish,Instagram,Carousel,Repurpose Hit: Checked out mentally. Still wearing the ..,https://www.instagram.com/p/DS4Uv27jQg9/,Tag Location: Mumbai - à¤®à¥à¤‚à¤¬à¤ˆ,Here is why Checked out mentally. Still wearing the .. is taking over the Fashion world! ğŸš€,#Fashion #Carousel #fyp,Historical Data
2026-02-06,auchitya_thakur,Instagram,Reel,"Repurpose Hit: Late Checkout ğŸ”‘
Slow mornings, soft ligh..",https://www.instagram.com/p/DS2Gc0Pk9NV/,,"Have you tried Late Checkout ğŸ”‘
Slow mornings, soft ligh.. yet? Let us know below! ğŸ‘‡",#Fashion #Reel #fyp,Historical Data
2026-02-06,nasher_miles,Instagram,Reel,Trend Alert: Discussing 'gj5 fashion',,,The ultimate guide to Discussing 'gj5 fashion'. Save this for later! ğŸ“Œ,#Fashion #Reel #fyp,Google Trends
2026-02-06,bismil.live,Instagram,Reel,Trend Alert: Discussing 'gj5 fashion',,,Here is why Discussing 'gj5 fashion' is taking over the Fashion world! ğŸš€,#Fashion #Reel #fyp,Google Trends
2026-02-06,snitchxclub,Instagram,Carousel,Repurpose Hit: The Xclusive deal ends tonight.,https://www.instagram.com/p/DO28re3E8aG/,,Here is why The Xclusive deal ends tonight. is taking over the Fashion world! ğŸš€,#Fashion #Carousel #fyp,Historical Data
